Job Title,Organisation,Location,Category,Salary per month,Fraction,Contract Type,Views,OpeningDate,OpeningTime,ClosingDate,ClosingTime
Aviation loans administration,cer Financial,London,Finance and Accounting,2800,,Contract,26899.161397970605,2013-10-06,00:00:00,2013-12-05,00:00:00
"Payroll Analyst  City upto **** , ****",LMA Recruitment Ltd,London,Finance and Accounting,2917,,Permanent,27998.18178773797,2012-10-03,12:00:00,2012-11-02,12:00:00
Investment Team Assistant for leading Private Equity firm,Austin Andrew Ltd,London,Finance and Accounting,3750,,Permanent,35955.0601469729,2012-01-01,00:00:00,2012-01-31,00:00:00
SWAPS COLLATERAL CONTROL OFFICER,Brian Durham Recruitment Services Limited,City,Finance and Accounting,3333,,Permanent,31983.941440596347,2012-10-14,00:00:00,2012-11-13,00:00:00
Loans Administration  Temp,cer Financial,London,Finance and Accounting,3280,,Contract,31487.69407769305,2012-11-17,12:00:00,2013-01-16,12:00:00
Oversight and Compliance Manager  Global Custody Operations,Citifocus Limited,The City,Finance and Accounting,3750,,Permanent,36032.076862441536,2012-11-01,12:00:00,2012-12-31,12:00:00
ALM Actuary,Reed Insurance,South East England,Finance and Accounting,6250,,Permanent,59953.789569436274,2012-03-22,00:00:00,2012-04-21,00:00:00
SUPPORT ANALYST  Front Office,Newside Consulting Limited,London,Finance and Accounting,4667,,Permanent,44848.70884761387,2013-03-09,12:00:00,2013-05-08,12:00:00
Forex Sales Manager,LMA Recruitment Ltd,London,Finance and Accounting,4583,,Permanent,44035.32075510717,2013-11-26,12:00:00,2013-12-26,12:00:00
Management Accountant  Commodity Trading,LMA Recruitment Ltd,London,Finance and Accounting,4792,,Permanent,46031.45313795721,2013-06-21,15:00:00,2013-09-19,15:00:00
CFD Sales Trader,LMA Recruitment Ltd,London,Finance and Accounting,4167,,Permanent,39976.92453997446,2013-09-13,12:00:00,2013-11-12,12:00:00
Compliance Monitoring Asset Management London,MDM Consultants Limited,London,Finance and Accounting,3958,,Contract,37956.98010923377,2013-02-28,12:00:00,2013-03-30,12:00:00
Credit Trade Finance Manager,LMA Recruitment Ltd,London,Finance and Accounting,3750,,Permanent,35965.75513583788,2013-05-18,00:00:00,2013-08-16,00:00:00
Sales Support Executive,Eximius Operations Ltd,London,Finance and Accounting,3208,,Permanent,30837.391300686548,2013-10-03,15:00:00,2013-12-02,15:00:00
Accounts Receivable / Sales ledger Assistant,Next Employment Limited,London,Finance and Accounting,2500,,Contract,24037.98352858706,2013-02-28,15:00:00,2013-03-30,15:00:00
Internal Resourcing Coordinator,Capco,London,Finance and Accounting,2292,,Permanent,21984.67975074938,2012-01-25,15:00:00,2012-02-24,15:00:00
Cheque Processing Clerk,Venn Group Limited,London,Finance and Accounting,2000,,Contract,19168.672698237897,2012-09-01,12:00:00,2012-10-31,12:00:00
Cashier  Fluent Mandarin,Prime Personnel Services Ltd,West End,Finance and Accounting,1667,,Contract,15979.703939547166,2013-04-19,12:00:00,2013-06-18,12:00:00
Regulatory control change project manager,cer Financial,London,Finance and Accounting,7917,,Permanent,75971.85369097203,2013-05-23,15:00:00,2013-06-22,15:00:00
"VP, Regulatory Risk",LMA Recruitment Ltd,London,Finance and Accounting,7083,,Permanent,67953.06368632748,2012-09-05,00:00:00,2012-12-04,00:00:00
Transaction Reporting Specialist,Venn Group Limited,London,Finance and Accounting,6700,,Contract,64281.10106606185,2012-01-13,12:00:00,2012-03-13,12:00:00
Compliance Monitoring Manager  Banking,C.K.R. Recruitment Limited,The City,Finance and Accounting,6250,,Permanent,59978.58373225416,2013-08-18,00:00:00,2013-11-16,00:00:00
Model Validation Quantitative Analyst,LMA Recruitment Ltd,London,Finance and Accounting,6667,,Permanent,64005.80626786799,2012-10-17,00:00:00,2013-01-15,00:00:00
VP Operational Risk,Black Swan Associates Limited,The City,Finance and Accounting,5833,,Permanent,56043.48816790603,2012-03-09,00:00:00,2012-04-08,00:00:00
Risk Review Compliance Officer,Oliver James Associates Limited,The City,Finance and Accounting,5833,,Permanent,55953.59439271585,2013-08-29,15:00:00,2013-11-27,15:00:00
Middle Office Analyst FTC,Austin Andrew Ltd,London,Finance and Accounting,6400,,Contract,61471.30347532922,2013-08-09,00:00:00,2013-08-23,00:00:00
Financial Controller / Group Accountant,Walker Hamill Ltd,London,Finance and Accounting,5208,,Contract,49968.62006064588,2012-03-14,12:00:00,2012-04-13,12:00:00
Trade Control VP,Badenoch Clark Ltd,UK,Finance and Accounting,4583,,Permanent,43973.97845002735,2013-11-24,15:00:00,2014-01-23,15:00:00
Business Partner  Treasury,Ambition Europe Limited,The City,Finance and Accounting,4792,,Permanent,46038.62930695006,2013-01-21,15:00:00,2013-04-21,15:00:00
Business Analyst  Change,Procura Ltd,West London,Finance and Accounting,4167,,Permanent,39991.36403456162,2012-05-11,00:00:00,2012-06-10,00:00:00
Senior Accountant  Group Reporting,Harrison Holgate,The City,Finance and Accounting,4375,,Permanent,42010.09044881151,2012-05-22,12:00:00,2012-06-21,12:00:00
Product Control Analyst  Oil,Insight Professional Solutions Ltd,London,Finance and Accounting,4375,,Permanent,42032.16154532401,2012-04-20,00:00:00,2012-05-20,00:00:00
Portfolio / Performance Analyst,Ambition Europe Limited,The City,Finance and Accounting,3958,,Permanent,37960.374630629165,2012-02-02,12:00:00,2012-04-02,12:00:00
Risk Controller,cer Financial,London,Finance and Accounting,3750,,Permanent,36042.60737195257,2013-04-16,12:00:00,2013-07-15,12:00:00
Project Manager  Private Client,Twenty Recruitment Ltd,London,Finance and Accounting,4167,,Permanent,39972.67713997377,2013-04-18,00:00:00,2013-07-17,00:00:00
Ops Process Management Analyst,Twenty Recruitment Ltd,London,Finance and Accounting,2083,,Permanent,19952.559170048844,2012-09-12,15:00:00,2012-10-12,15:00:00
Transactional Management Team Leader,Sharon Gay Associates Limited,London,Finance and Accounting,3958,,Permanent,37976.62981073115,2013-01-15,15:00:00,2013-03-16,15:00:00
Oversight and Compliance Manager,Randstad Financial Professional Ltd,London,Finance and Accounting,3750,,Permanent,36003.24149649323,2012-10-21,00:00:00,2012-11-20,00:00:00
Fund Accountant  London,Morgan McKinley Group Limited,The City,Finance and Accounting,3542,,Contract,33959.30864723069,2013-01-23,00:00:00,2013-02-22,00:00:00
Voluntary Corporate Actions,Charles Levick Limited,London,Finance and Accounting,3333,,Permanent,31952.14856076861,2013-05-11,00:00:00,2013-08-09,00:00:00
Loans Documentation Analyst,Hill Newton Recruitment Limited,London,Finance and Accounting,4000,,Contract,38435.51540440591,2012-04-10,15:00:00,2012-04-24,15:00:00
Regulatory Accountant,Kennedy Pearce Consulting Ltd,London,Finance and Accounting,3208,,Permanent,30795.9543778466,2012-09-06,00:00:00,2012-10-06,00:00:00
DO YOU HAVE 2 YEARS CURRENT BUY SIDE OPERATIONS EXPERIENCE?,Maldon Partners Ltd,London,Finance and Accounting,3125,,Permanent,29951.90688689482,2012-04-24,12:00:00,2012-05-24,12:00:00
Trade Compliance Analyst,Saul Partners,London,Finance and Accounting,3333,,Permanent,31964.837151340827,2012-05-09,15:00:00,2012-07-08,15:00:00
Compliance Assistant,Hays Financial Markets,Berkshire,Finance and Accounting,2917,,Permanent,28043.1869690893,2012-04-15,15:00:00,2012-06-14,15:00:00
Shares and Market Options Sales Consultant,Dante Recruitment Ltd,London,Finance and Accounting,2667,,Permanent,25600.23066000655,2013-10-13,15:00:00,2013-11-12,15:00:00
Operations Analyst,Badenoch Clark Ltd,The City,Finance and Accounting,3125,,Permanent,30034.78179885433,2012-12-13,00:00:00,2013-01-12,00:00:00
Fund Accountant  Hedge Fund,Austin Andrew Ltd,London,Finance and Accounting,3333,,Permanent,32027.349710581508,2013-08-12,12:00:00,2013-09-11,12:00:00
Management Support Executive,Brian Durham Recruitment Services Limited,The City,Finance and Accounting,1583,,Permanent,15217.85072396099,2013-02-05,15:00:00,2013-04-06,15:00:00
RFP Writer,Bruin Financial Limited,London,"PR, Advertising and Marketing",3520,,Contract,33791.08306957565,2013-01-23,15:00:00,2013-02-06,15:00:00
Senior Equity Settlements,Brian Durham Recruitment Services Limited,The City,Finance and Accounting,1500,,Permanent,14445.547069554988,2013-02-03,00:00:00,2013-03-05,00:00:00
Assistant Accountant  Business Partnering,Harrison Holgate,The City,Finance and Accounting,2708,,Permanent,25989.07377046185,2013-07-29,15:00:00,2013-08-28,15:00:00
Treasury Dealer FX Dealer,Daniel Recruitment Ltd,London,Finance and Accounting,2917,,Contract,28041.95176513365,2013-11-29,15:00:00,2013-12-29,15:00:00
Billing Coordinator,Ambition Europe Limited,The City,Finance and Accounting,2708,,Permanent,26030.654776553576,2013-04-21,00:00:00,2013-07-20,00:00:00
Settlements Adminstrator  Investment Management,Mayford James Limited,The City,Finance and Accounting,2800,,Permanent,26857.213149159557,2012-11-02,15:00:00,2012-12-02,15:00:00
Middle Office Support,The Ocean Partnership Limited,London,Finance and Accounting,2880,,Contract,27659.91315390668,2013-10-10,00:00:00,2013-10-24,00:00:00
Equity Research Sales  Private Clients,Austin Benn,London,Finance and Accounting,2083,,Permanent,19966.588390664,2012-03-14,12:00:00,2012-05-13,12:00:00
Banking Cashier,Rebecca Poulter Recruitment,Central London,Finance and Accounting,2000,,Contract,19175.52351169359,2013-04-22,12:00:00,2013-06-21,12:00:00
Portfolio Finance Planning Manager,Argyll Scott International Limited,London,Information Technology,6667,,Permanent,64006.03647171161,2013-09-12,00:00:00,2013-11-11,00:00:00
Senior Audit Investigations Manager,Alexander Lloyd,Croydon,Finance and Accounting,6667,,Permanent,63982.45001942207,2012-02-13,00:00:00,2012-05-13,00:00:00
Treasury Risk Controller : Middle Office Compliance : Oil Gas Co,Eaglecliff Limited,London,Finance and Accounting,6400,,Contract,61487.708445237,2012-07-24,00:00:00,2012-08-23,00:00:00
Business Change Analyst / Project Manager,Livingston Edwards Ltd,London,Information Technology,6500,,Contract,62415.72364151112,2012-01-25,12:00:00,2012-02-08,12:00:00
CREDIT ANALYST  up to ****k  London,cer Financial,London,Finance and Accounting,5833,,Permanent,55952.22618949408,2012-06-13,15:00:00,2012-08-12,15:00:00
Assistant Vice President  Auditor,Oliver James Associates Limited,London,Finance and Accounting,5625,,Permanent,53999.98717725816,2012-06-11,15:00:00,2012-08-10,15:00:00
Senior Business Analyst / Business Analyst  Claims,Incite Solutions Ltd,Croydon,Finance and Accounting,4583,,Permanent,44019.53470898581,2012-10-22,12:00:00,2013-01-20,12:00:00
Business Strategy Analyst,Badenoch Clark Ltd,The City,Finance and Accounting,5000,,Permanent,48045.40233383796,2012-04-15,00:00:00,2012-06-14,00:00:00
Insurance  Financial Accountant,Morgan McKinley Group Limited,The City,Finance and Accounting,4583,,Permanent,44021.0219505981,2012-03-18,12:00:00,2012-05-17,12:00:00
Committee Secretary  London  ****k,cer Financial,London,Finance and Accounting,5000,,Permanent,48002.42438261506,2013-10-02,15:00:00,2013-11-01,15:00:00
Royalties Manager / FP A Manager,Experis Limited,The City,Finance and Accounting,4292,,Contract,41215.88361033978,2013-02-24,15:00:00,2013-04-25,15:00:00
International Communications Manager,Austin Benn,London,Finance and Accounting,4375,,Permanent,41950.91928304869,2012-04-19,15:00:00,2012-07-18,15:00:00
Operational Risk and Control Manager,Badenoch Clark Ltd,The City,Finance and Accounting,4167,,Permanent,39977.9767571176,2012-05-11,12:00:00,2012-08-09,12:00:00
Sourcing Manager  Professional Fees,Hays Financial Markets,The City,Finance and Accounting,3958,,Permanent,37947.702822447725,2013-01-13,12:00:00,2013-02-12,12:00:00
Mortgage Protection AdvisorEstate Agent,ASK Recruitment,UK,Finance and Accounting,2083,,Permanent,20041.64902307104,2012-03-04,12:00:00,2012-05-03,12:00:00
PMO / Senior PMO Analyst,Incite Solutions Ltd,The City,Finance and Accounting,3750,,Permanent,36044.08739051672,2013-10-28,15:00:00,2013-12-27,15:00:00
SECONDARY LOANS / SYNDICATIONS ADMIN / SETTLEMENTS,Brian Durham Recruitment Services Limited,City,Finance and Accounting,4000,,Contract,38375.5785689794,2013-12-25,12:00:00,2014-01-24,12:00:00
Management Account,Ambition Europe Limited,The City,Finance and Accounting,3458,,Permanent,33229.1591532926,2012-09-28,15:00:00,2012-11-27,15:00:00
Real Estate Finance  Asset Management Analyst,Mayford James Limited,London,Finance and Accounting,3333,,Permanent,32008.95714643766,2013-05-10,12:00:00,2013-07-09,12:00:00
"Chartered IFA Farnham Up to **** , **** (********k OTE)",Idex Consulting LLP,Farnham,Finance and Accounting,3542,,Permanent,34016.299903511055,2013-08-10,00:00:00,2013-10-09,00:00:00
Business Change Senior Project Manager  East Midlands,Austin Andrew Ltd,East Midlands,Finance and Accounting,3500,,Permanent,33642.32839894616,2012-10-15,12:00:00,2012-11-14,12:00:00
"KYC Remediation Analyst AML, JMLSG, OnBoarding",EDIT Professional Ltd,UK,Finance and Accounting,3760,,Contract,36100.36645395002,2012-02-22,00:00:00,2012-03-07,00:00:00
Investment Manager,James Associates Recruitment Ltd,UK,Finance and Accounting,2917,,Permanent,28035.43807854781,2012-05-26,12:00:00,2012-06-25,12:00:00
Senior HR Consultant,cer Financial,UK,Finance and Accounting,3333,,Permanent,31964.55368405639,2013-05-16,15:00:00,2013-06-15,15:00:00
Fixed Income Trade Support  Investment Management,Austin Benn,West End,Finance and Accounting,3125,,Permanent,30007.03535046936,2012-11-15,12:00:00,2012-12-15,12:00:00
Corporate Retail Banking PMO (Perm),Badenoch Clark Ltd,The City,Finance and Accounting,3021,,Permanent,29030.51354893759,2012-12-01,12:00:00,2013-03-01,12:00:00
Fluent German Speaker : Compliance Position,Hays Financial Markets,The City,Finance and Accounting,2708,,Permanent,26005.22076545231,2013-05-25,00:00:00,2013-08-23,00:00:00
Fraud Intelligence Analyst,Apache Associates Ltd,Crawley,Finance and Accounting,2583,,Permanent,24747.804111121,2013-07-17,12:00:00,2013-10-15,12:00:00
Accounts Assistant  Asset Management,Maldon Partners Ltd,The City,Finance and Accounting,2417,,Permanent,23201.78921985233,2013-07-26,12:00:00,2013-10-24,12:00:00
Investment Operations Transfer Administrator,James Associates Recruitment Ltd,London,Finance and Accounting,2625,,Permanent,25216.74685173918,2012-04-05,15:00:00,2012-06-04,15:00:00
Investment Operations Reconciliations Administrator  Parttime,James Associates Recruitment Ltd,London,Finance and Accounting,2292,Part Time,,22017.58326874482,2013-05-21,15:00:00,2013-06-20,15:00:00
Assistant Accountant Financial Services Experience Required,Maldon Partners Ltd,London,Finance and Accounting,2292,,Permanent,22003.4650788431,2013-11-05,00:00:00,2014-01-04,00:00:00
Management Information Analyst  Insurance experience essential,Taylor James Resourcing Limited,City,Finance and Accounting,2500,,Permanent,23960.22571642537,2012-06-11,15:00:00,2012-09-09,15:00:00
Banking Administrator,Austin Andrew Ltd,London,Finance and Accounting,2417,,Permanent,23247.50685282272,2012-05-09,12:00:00,2012-06-08,12:00:00
Finance Secretary / PA,Brian Durham Recruitment Services Limited,The City,Finance and Accounting,1167,,Permanent,11165.49297054454,2012-03-23,00:00:00,2012-04-22,00:00:00
Secretary / Team Support  International Banking,Citifocus Limited,The City,Finance and Accounting,2333,,Permanent,22425.623299635467,2012-06-24,12:00:00,2012-07-24,12:00:00
Graduate Scheme  Asset Management,Kennedy Pearce Consulting Ltd,The City,Finance and Accounting,2146,,Permanent,20555.059305799536,2012-01-26,15:00:00,2012-04-25,15:00:00
Banking Cashier / Customer Services Clerk,LMA Recruitment Ltd,City,Finance and Accounting,2125,,Contract,20403.469265465345,2013-07-21,15:00:00,2013-08-04,15:00:00
Collateral Analyst,Badenoch Clark Ltd,UK,Finance and Accounting,1875,,Permanent,17965.226910197107,2013-04-26,12:00:00,2013-05-26,12:00:00
Insurance Technician,Wavelength Recruitment,Cheltenham,Finance and Accounting,1417,,Permanent,13645.397484919888,2013-05-22,00:00:00,2013-08-20,00:00:00
Treasury Operations,Robert Half,The City,Finance and Accounting,2400,,Contract,23045.38303731762,2012-09-12,00:00:00,2012-10-12,00:00:00
Interim Syndicate Accountant,Insight Recruitment Solutions Ltd,The City,Finance and Accounting,7500,,Contract,72022.15500523121,2012-01-08,12:00:00,2012-02-07,12:00:00
Senior Internal Audit Manager  Change,Black Swan Associates Limited,The City,Finance and Accounting,7083,,Permanent,68035.30490617314,2013-11-17,00:00:00,2013-12-17,00:00:00
Insurance Internal Audit,LMA Recruitment Ltd,UK,Finance and Accounting,6250,,Permanent,60000.40915226686,2012-07-18,12:00:00,2012-09-16,12:00:00
Decision Science Manager  Cards  Awesome Opportunity  South East,PeopleGenius Ltd,London,Finance and Accounting,6250,,Permanent,60025.29778952261,2013-10-24,00:00:00,2013-12-23,00:00:00
ETF Sales UK Institutional clients,Argyll Scott International Limited,London,Finance and Accounting,6250,,Permanent,59976.822398469856,2012-10-14,15:00:00,2013-01-12,15:00:00
"Internal Auditor, Capital Markets",LMA Recruitment Ltd,London,Finance and Accounting,6250,,Permanent,60015.76577708031,2013-02-11,00:00:00,2013-04-12,00:00:00
"Lending Manager / Senior Manager, Commercial Real Estate Workout",Hays Financial Markets,London,Finance and Accounting,4583,,Permanent,44036.9767071952,2013-12-02,00:00:00,2014-01-01,00:00:00
"Credit Supervision, Credit Sanctioning",Brooker Associates Limited,London,Finance and Accounting,4375,,Permanent,41968.86942427076,2012-12-12,12:00:00,2013-03-12,12:00:00
Corporate Credit Analyst,Prime Personnel Services Ltd,City,Finance and Accounting,2500,,Permanent,23956.45208102048,2013-05-09,15:00:00,2013-06-08,15:00:00
Senior Accountant (Insurance),Ambition Europe Limited,London,Finance and Accounting,4375,,Permanent,42012.12812036538,2012-08-18,15:00:00,2012-09-17,15:00:00
Treasury Supervisor CLS,Prime Personnel Services Ltd,The City,Finance and Accounting,4583,,Permanent,43977.21366069192,2012-08-14,00:00:00,2012-09-13,00:00:00
Risk Liquidity Analyst,LMA Recruitment Ltd,City,Finance and Accounting,3800,,Contract,36449.45626037812,2013-07-20,12:00:00,2013-09-18,12:00:00
Compliance Manager : IFA Funds,Hays Financial Markets,The City,Finance and Accounting,3750,,Permanent,35998.47382665374,2013-09-27,12:00:00,2013-12-26,12:00:00
COMPLIANCE MONITORING OFFICER,Montpellier Resourcing Ltd,London,Finance and Accounting,1875,,Permanent,18034.692977089,2013-02-12,15:00:00,2013-05-13,15:00:00
Client Relationship Manager  Asset Management,Livingston Edwards Ltd,London,Finance and Accounting,3458,,Permanent,33222.23219049126,2012-11-12,12:00:00,2012-12-12,12:00:00
Credit Analyst (Aircraft Finance),LMA Recruitment Ltd,City,Finance and Accounting,4000,,Contract,38369.42838355113,2013-12-09,12:00:00,2014-01-08,12:00:00
Casualty Claims Handler,Randstad Financial Professional Ltd,The City,Finance and Accounting,3750,,Permanent,36013.36509671822,2013-01-03,00:00:00,2013-02-02,00:00:00
Trade Finance Analyst,LMA Recruitment Ltd,City,Finance and Accounting,2917,,Contract,27957.84392536427,2012-10-05,00:00:00,2012-11-04,00:00:00
Vice President  Banking Regulatory Review Challenge,Morgan McKinley Group Limited,London,Finance and Accounting,7500,,Permanent,72042.82665252892,2013-05-11,12:00:00,2013-06-10,12:00:00
IT Risk / Audit  Senior Manager,Oliver James Associates Limited,The City,Finance and Accounting,7083,,Permanent,68029.46798133934,2013-10-24,15:00:00,2014-01-22,15:00:00
Group Head of IT Security,Oliver James Associates Limited,Dorking,Information Technology,7083,,Permanent,67958.70191148476,2013-03-24,15:00:00,2013-05-23,15:00:00
Compliance Supervisor,MW Recruitment Ltd,London,Finance and Accounting,5833,Part Time,,56009.297020499085,2013-12-10,15:00:00,2014-02-08,15:00:00
Compliance Analyst/ Specialist,Black Swan Associates Limited,London,Finance and Accounting,5000,,Permanent,47999.02300697525,2013-06-10,00:00:00,2013-08-09,00:00:00
Sales Trader,Kennedy Pearce Consulting Ltd,The City,Finance and Accounting,5417,,Permanent,51995.80251703203,2012-01-17,15:00:00,2012-03-17,15:00:00
"Governance, Risk Compliance Manager",Oliver James Associates Limited,The City,Information Technology,5208,,Permanent,50030.29908947497,2013-08-27,15:00:00,2013-11-25,15:00:00
Head of Loans Administration,Eximius Operations Ltd,The City,Finance and Accounting,5417,,Permanent,52036.13994942124,2013-12-03,00:00:00,2014-02-01,00:00:00
Institutional Client Sales Associate,Mayford James Limited,London,Finance and Accounting,4375,,Permanent,41958.22851290351,2012-05-30,00:00:00,2012-06-29,00:00:00
Trading Support Engineer (FIX),REC Solutions Ltd,London,Finance and Accounting,4583,,Permanent,44015.11262523481,2013-02-22,12:00:00,2013-03-24,12:00:00
Senior Compliance Associate,Black Swan Associates Limited,London,Finance and Accounting,5208,,Permanent,50026.528328476525,2012-01-25,12:00:00,2012-04-24,12:00:00
Compliance Consultant Opportunities,Black Swan Associates Limited,London,Finance and Accounting,4583,,Permanent,43962.48239495071,2013-06-10,00:00:00,2013-08-09,00:00:00
Risk Analytics and Credit Model Development (Retail),Black Swan Associates Limited,The City,Finance and Accounting,4583,,Contract,43994.2889393556,2012-07-09,15:00:00,2012-07-23,15:00:00
Implementation Consultant / Business Analyst  F / S Software,Incite Solutions Ltd,Redhill,Information Technology,4792,,Permanent,46035.81492917588,2013-08-23,15:00:00,2013-09-22,15:00:00
Legal Entity Controller,Ambition Europe Limited,The City,Finance and Accounting,5000,,Permanent,48017.83973046369,2012-04-17,15:00:00,2012-05-17,15:00:00
Senior Business Modelling Analyst  AVP,Bruin Financial Limited,London,Finance and Accounting,5417,,Permanent,51979.94402104561,2013-07-08,12:00:00,2013-09-06,12:00:00
Data Analyst (SAS / SQL),Oliver James Associates Limited,London,Information Technology,4167,,Permanent,40017.37975836854,2012-11-07,00:00:00,2012-12-07,00:00:00
Business Intelligence / Data Analytic Managers,Oliver James Associates Limited,UK,Finance and Accounting,4583,,Permanent,44040.77060788803,2013-11-08,15:00:00,2013-12-08,15:00:00
**** x Digital Channel Optimisation Specialists,MCGREGOR BOYALL ASSOCIATES LIMITED,London,Finance and Accounting,4500,,Contract,43176.84157792114,2013-11-18,00:00:00,2013-12-02,00:00:00
Senior Corporate Underwriter,Idex Consulting LLP,UK,Finance and Accounting,4583,,Permanent,43985.5162584851,2012-09-02,00:00:00,2012-10-02,00:00:00
Credit Risk Stratergy  Manager,Goodman Masson Recruitment Services Ltd,The City,Finance and Accounting,3542,,Permanent,34047.57367074375,2012-10-10,00:00:00,2012-11-09,00:00:00
Client Relationship Executive Supervisor,Black Swan Associates Limited,London,Finance and Accounting,4167,,Permanent,39991.49624251633,2012-09-22,15:00:00,2012-11-21,15:00:00
Sales Operations Director,Balanced People Limited,UK,Finance and Accounting,4375,,Permanent,42043.67694930775,2012-09-07,00:00:00,2012-10-07,00:00:00
PPI Head of Group Customer Relations,Lesley Ray,Hertfordshire,Finance and Accounting,3958,,Permanent,38012.0745024919,2013-06-20,12:00:00,2013-08-19,12:00:00
Credit Analyst FI Banks,Prime Personnel Services Ltd,The City,Finance and Accounting,4167,,Permanent,40024.956264256674,2013-12-18,12:00:00,2014-02-16,12:00:00
Trade Finance Officer,cer Financial,London,Finance and Accounting,3833,,Contract,36792.04255590411,2012-09-30,00:00:00,2012-10-30,00:00:00
Company Secretary / Administrator,Astbury Marsden Partners Ltd,The City,Finance and Accounting,3333,,Contract,32017.42342039051,2013-01-17,12:00:00,2013-01-31,12:00:00
FX DEALER (CORPORATE CLIENTS),Sublime Resourcing Limited,London,Finance and Accounting,3750,,Permanent,35976.82099748189,2013-08-21,15:00:00,2013-10-20,15:00:00
MANDARIN SPEAKING INTERNAL AUDITOR,People First Recruitment Limited,London,Finance and Accounting,1875,,Permanent,17964.98818630045,2013-07-25,12:00:00,2013-09-23,12:00:00
Client Reporting Analyst,C.K.R. Recruitment Limited,The City,Finance and Accounting,3542,,Permanent,33982.1565081366,2012-11-12,15:00:00,2012-12-12,15:00:00
Risk Analyst  Insurance  sixmonth contract,Austin Andrew Ltd,London,Finance and Accounting,3125,,Contract,30031.609856090927,2012-08-22,12:00:00,2012-09-05,12:00:00
Corporate Development Executive  Birmingham,Idex Consulting LLP,Birmingham,Finance and Accounting,3333,,Permanent,32007.893879758587,2013-01-28,00:00:00,2013-02-27,00:00:00
Temp Hybrid Transfer Agency / Treasury / Cash Flow for Master Feeder,Twenty Recruitment Ltd,UK,Finance and Accounting,3000,,Contract,28774.074807804256,2012-07-18,00:00:00,2012-08-01,00:00:00
"Paraplanner Hampshire Up to **** , ****",Idex Consulting LLP,Hampshire,Finance and Accounting,2917,,Permanent,28048.814437611745,2012-08-10,15:00:00,2012-10-09,15:00:00
Business Development Sales Executive x ****,Balanced People Limited,London,Finance and Accounting,2708,,Permanent,26032.845500994263,2012-01-02,12:00:00,2012-04-01,12:00:00
Credit Assistant,Venn Group Limited,London,Finance and Accounting,2800,,,26898.038244185045,2013-10-02,15:00:00,2013-11-01,15:00:00
Senior Fund Administrator,Kennedy Pearce Consulting Ltd,Hertfordshire,Finance and Accounting,2375,,Permanent,22830.742214137492,2013-12-12,00:00:00,2014-03-12,00:00:00
Consultant  Currency sales,Hays Financial Markets,The City,Finance and Accounting,2250,,Permanent,21552.830783406087,2012-12-05,12:00:00,2013-01-04,12:00:00
Accounts Payable / Compliance / Administrator,Prime Personnel Services Ltd,London,Finance and Accounting,2375,,Permanent,22757.88727207293,2013-01-06,00:00:00,2013-02-05,00:00:00
Analyst  MI,Hays Financial Markets,The City,Finance and Accounting,2333,,Contract,22366.97157901908,2013-01-03,12:00:00,2013-03-04,12:00:00
"Paraplanner Fareham Circa **** , ****  Benefits",Idex Consulting LLP,Fareham,Finance and Accounting,2083,,Permanent,20008.097936760987,2012-01-31,00:00:00,2012-04-30,00:00:00
TRAINEE COMMERCIAL INSURANCE ACCOUNT HANDLER,Clark James Ltd,UK,Finance and Accounting,1667,,Permanent,16023.89291903209,2013-02-08,00:00:00,2013-04-09,00:00:00
Global MI Analytics Business Manager  Leading Investment Bank,Concilium Finance Limited,London,Finance and Accounting,7917,,Permanent,75967.33515678359,2013-11-04,15:00:00,2013-12-04,15:00:00
Senior Audit Manager  Market Model Risk,Paritas Recruitment Limited,London,Finance and Accounting,7500,,Permanent,72035.64820042759,2012-11-27,12:00:00,2013-02-25,12:00:00
"Internal Audit, VP, Investment Banking, Quantitative",Morgan McKinley Group Limited,London,Finance and Accounting,6875,,Permanent,65950.89337409049,2013-01-05,12:00:00,2013-04-05,12:00:00
IT Audit  Tier One Banking Group,Paritas Recruitment Limited,London,Finance and Accounting,5417,,Permanent,51989.70615888471,2013-11-01,12:00:00,2014-01-30,12:00:00
Senior Business Analyst  Investment Operations Systems,Incite Solutions Ltd,The City,Finance and Accounting,5833,,Permanent,55992.541132459286,2013-03-16,15:00:00,2013-06-14,15:00:00
Commercial Finance Associate,Morgan McKinley Group Limited,London,Finance and Accounting,5208,,Permanent,49994.94335373414,2013-10-25,12:00:00,2014-01-23,12:00:00
Head of Underwriting Development  Life,High Finance Group,London,Finance and Accounting,5500,,Permanent,52810.55748669376,2013-08-08,12:00:00,2013-11-06,12:00:00
Deputy Chief Executive,Hays Financial Markets,The City,Finance and Accounting,5000,,Permanent,47951.33249102657,2012-11-06,00:00:00,2012-12-06,00:00:00
Cash Originator,Goodman Masson Recruitment Services Ltd,London,Finance and Accounting,4792,,Permanent,45954.77140407628,2013-09-23,12:00:00,2013-10-23,12:00:00
Mobile Solutions Delivery Manager,Goodman Masson Recruitment Services Ltd,The City,Finance and Accounting,4583,,Permanent,43965.52808941391,2013-09-21,00:00:00,2013-11-20,00:00:00
Senior Payments Solutions Manager,Goodman Masson Recruitment Services Ltd,South East England,Finance and Accounting,4708,,Permanent,45228.49241068828,2013-04-10,00:00:00,2013-05-10,00:00:00
Customer Insight and Value Data Analyst,Austin Benn,London,Finance and Accounting,3833,,Permanent,36831.82724695755,2012-05-26,15:00:00,2012-08-24,15:00:00
Corporate Treasury Assistant Manager,Goodman Masson Recruitment Services Ltd,London,Finance and Accounting,3750,,Permanent,36026.267260322,2013-01-23,15:00:00,2013-03-24,15:00:00
Credit Risk Analyst  Counterparty Risk,Goodman Masson Recruitment Services Ltd,The City,Finance and Accounting,3750,,Permanent,36047.53740034524,2013-08-07,15:00:00,2013-11-05,15:00:00
Senior Associate Internal Audit (Mandarin speaking),Campbell James Limited,London,Finance and Accounting,3750,,Permanent,36019.29621417114,2012-11-04,00:00:00,2013-01-03,00:00:00
Analyst  Tax Operations,Walker Hamill Ltd,London,Finance and Accounting,3600,,,34510.710863490545,2012-12-14,15:00:00,2013-01-13,15:00:00
Corporate Account Executive  East Midlands,Idex Consulting LLP,UK,Finance and Accounting,3333,,Permanent,31989.032216049876,2012-08-25,12:00:00,2012-11-23,12:00:00
Assistant Billing Manager  Chelmsford,Ambition Europe Limited,Chelmsford,Finance and Accounting,3125,,Permanent,29959.583978617826,2012-11-06,15:00:00,2012-12-06,15:00:00
Snr Trade and Commodity Finance Support,Cahill Personnel Ltd,London,Finance and Accounting,3333,,Contract,31985.551189232687,2013-08-02,12:00:00,2013-10-01,12:00:00
Assistant Accountant  Interim,Insight Recruitment Solutions Ltd,London,Finance and Accounting,3440,,Contract,33038.70582459982,2012-09-03,00:00:00,2012-09-17,00:00:00
Internal Auditor  Part qualified  Insurance,Jefferson Tiley Ltd,London,Finance and Accounting,3167,,Permanent,30445.63265705156,2013-08-24,12:00:00,2013-11-22,12:00:00
Senior PA / Secretary  (GERMAN SPEAKER),Brian Durham Recruitment Services Limited,The City,Finance and Accounting,3167,,Permanent,30441.56872706853,2013-04-09,00:00:00,2013-06-08,00:00:00
Executive Assistant to Head of Global Investment company,Jigsaw Recruiting Ltd,London,Finance and Accounting,2833,,Permanent,27222.049412449695,2013-08-29,15:00:00,2013-09-28,15:00:00
Junior Ruby Developer / Tester,Kennedy Pearce Consulting Ltd,The City,Information Technology,2083,,Permanent,19979.926577643,2013-09-18,15:00:00,2013-12-17,15:00:00
Sales Support Coordinator (Financial Services),The Oakland Partnership Limited,South West London,Finance and Accounting,2000,,Permanent,19158.725338249973,2013-06-14,12:00:00,2013-09-12,12:00:00
"Sales Consultant  Birmingham  Up to **** , ****  Bonus",Idex Consulting LLP,Birmingham,Finance and Accounting,1250,,Permanent,12000.821499404925,2012-08-08,12:00:00,2012-09-07,12:00:00
Trade Structured Finance Manager  Commodity Trader,LMA Recruitment Ltd,London,Finance and Accounting,6042,,Permanent,58040.01847403868,2013-11-17,12:00:00,2014-02-15,12:00:00
Senior Manager  AML and Client Relationship,Argyll Scott International Limited,London,Finance and Accounting,4375,,Permanent,41973.49441891512,2012-08-17,15:00:00,2012-09-16,15:00:00
Business Development Manager  Asset Finance  NW England,The Oakland Partnership Limited,North West England,Finance and Accounting,3542,,Permanent,34029.464470547144,2012-11-16,12:00:00,2012-12-16,12:00:00
FSA / BANK OF ENGLAND REPORTING OFFICER,Brian Durham Recruitment Services Limited,The City,Finance and Accounting,1750,,Permanent,16828.21840101669,2012-01-14,15:00:00,2012-04-13,15:00:00
Payroll / HR Officer,Brian Durham Recruitment Services Limited,Central London,Finance and Accounting,3167,,Permanent,30355.34657202453,2013-03-31,00:00:00,2013-05-30,00:00:00
Graduate trainee with intern exp,Next Employment Limited,London,Finance and Accounting,2083,,Permanent,20018.841165425478,2013-09-16,12:00:00,2013-10-16,12:00:00
Loans and Payments Supervisor,LMA Recruitment Ltd,City,Finance and Accounting,3333,,Contract,31973.456031438334,2012-07-29,12:00:00,2012-09-27,12:00:00
Information Security Manager  Financial Services / Public Sect,Oliver James Associates Limited,London,Information Technology,5833,,Permanent,55954.60863544349,2013-06-09,00:00:00,2013-07-09,00:00:00
Loans Closer,cer Financial,London,Finance and Accounting,6250,,Permanent,60033.67486093276,2012-03-29,15:00:00,2012-04-28,15:00:00
Senior Grade Trader,Austin Benn,London,Finance and Accounting,5500,,Permanent,52847.84074891772,2012-05-31,15:00:00,2012-08-29,15:00:00
Advanced Data Analytic Managers,Oliver James Associates Limited,The City,Information Technology,4792,,Permanent,45973.32374972372,2013-01-06,12:00:00,2013-04-06,12:00:00
KYC Remediation Analyst,Randstad Financial Professional Ltd,London,Finance and Accounting,5000,,Contract,48030.10463638684,2013-06-28,15:00:00,2013-07-12,15:00:00
Assistant Manager  Operations Fund Oversight,Ambition Europe Limited,The City,Finance and Accounting,4583,,Permanent,43961.78798498724,2012-01-30,12:00:00,2012-03-30,12:00:00
Information Security Consultants / Managers,Oliver James Associates Limited,UK,Information Technology,4167,,Permanent,39979.00316056302,2012-03-04,00:00:00,2012-04-03,00:00:00
Service Manager Corporate Banking,TalentFlow Ltd,London,Finance and Accounting,2500,,Permanent,24031.614634312555,2012-08-22,12:00:00,2012-10-21,12:00:00
Reinsurance Accounts Manager / Leader,Alexander Lloyd,London,Finance and Accounting,3750,,Permanent,36022.58433529089,2012-03-24,15:00:00,2012-06-22,15:00:00
Finance Analyst  Equities,Randstad Financial Professional Ltd,The City,Finance and Accounting,3958,,Permanent,37983.53712726868,2013-06-02,00:00:00,2013-08-31,00:00:00
Trainee Recruitment Consultant  Engineering IT,Reed Finance,Reading,Finance and Accounting,2375,,Permanent,22825.825359331437,2012-03-21,15:00:00,2012-06-19,15:00:00
Equity Settlements Dividends Processing,Rees Draper Wright Ltd,London,Finance and Accounting,2917,,Contract,28017.00320737886,2012-04-01,00:00:00,2012-04-15,00:00:00
MOTOR CLAIMS PROFESSIONALS REQUIRED,Clark James Ltd,UK,Finance and Accounting,2000,,Permanent,19184.141997808085,2013-08-05,12:00:00,2013-10-04,12:00:00
Claims Assistant,Plumstead Bond Limited,London,Finance and Accounting,2292,,,22026.33210296844,2013-11-15,12:00:00,2014-01-14,12:00:00
Executive Assistant with Sage 200,The Oakland Partnership Limited,Central London,Finance and Accounting,2292,,Permanent,21972.13971871468,2012-04-15,15:00:00,2012-07-14,15:00:00
Private Client Investment,Kennedy Pearce Consulting Ltd,The City,Finance and Accounting,1875,,Permanent,18016.129456529405,2012-11-23,12:00:00,2013-02-21,12:00:00
IT Permanent Recruitment  Researcher / Trainee Consultant,Morgan McKinley Group Limited,West End,Information Technology,1792,,Permanent,17187.64362867477,2013-12-20,15:00:00,2014-02-18,15:00:00
Sales Administrator/ Client Service Associate,Ambition Europe Limited,The City,Finance and Accounting,1750,,Permanent,16810.384167167067,2013-12-17,00:00:00,2014-01-16,00:00:00
Internal Audit Manager and Senior Manager,Reed Finance,London,Finance and Accounting,5833,,Permanent,55975.82372712514,2012-12-01,12:00:00,2012-12-31,12:00:00
Impairment and Capital Manager,Oliver James Associates Limited,London,Finance and Accounting,5750,,Permanent,55204.07194244721,2013-06-26,12:00:00,2013-07-26,12:00:00
Leading Gloabl Consultancy  Capital Markets Consultants,Concilium Finance Limited,London,Finance and Accounting,4708,,Permanent,45212.29328021178,2013-11-29,00:00:00,2014-01-28,00:00:00
Property Finance Manager,Goodman Masson Recruitment Services Ltd,The City,Finance and Accounting,5417,,Permanent,51959.76603535924,2012-04-23,12:00:00,2012-05-23,12:00:00
Credit Risk Senior Analyst,Oliver James Associates Limited,London,Finance and Accounting,5000,,Permanent,47989.05455043044,2013-10-01,00:00:00,2013-10-31,00:00:00
Compliance Associate,Badenoch Clark Ltd,The City,Finance and Accounting,5625,,Permanent,53956.96161184573,2012-04-28,15:00:00,2012-07-27,15:00:00
Business Analyst  OTC Pricing,Morgan McKinley Group Limited,London,Finance and Accounting,5417,,Permanent,51984.167476841685,2012-01-20,00:00:00,2012-04-19,00:00:00
Business Analyst  BAU and Change,Morgan McKinley Group Limited,London,Finance and Accounting,5000,,Permanent,47972.54467749888,2012-02-11,15:00:00,2012-04-11,15:00:00
Snr Relationship Executive  Fund Management  Fluent German,Incite Solutions Ltd,The City,Finance and Accounting,4375,,Permanent,42041.20743707225,2012-06-25,15:00:00,2012-07-25,15:00:00
Credit Risk Reporting Manager / Assistant Manager,cer Financial,London,Finance and Accounting,4167,,Permanent,40025.07772236232,2012-05-19,15:00:00,2012-08-17,15:00:00
IRD and Commodities Confirmations Specialists,Blayney Personnel Limited,London,Finance and Accounting,3958,,Permanent,37967.76076561211,2013-05-14,12:00:00,2013-08-12,12:00:00
Senior Financial Accountant Insurance,Oliver James Associates Limited,South East England,Finance and Accounting,4167,,Permanent,39983.05847559989,2013-04-07,12:00:00,2013-05-07,12:00:00
PPI Quality Assurer,Momenta Group Limited,London,Finance and Accounting,4200,,Contract,40344.636603278544,2013-11-13,15:00:00,2014-01-12,15:00:00
OTC Client Services,Kennedy Pearce Consulting Ltd,The City,Finance and Accounting,3958,,Permanent,38001.10418790716,2012-03-07,12:00:00,2012-05-06,12:00:00
Product Support Analyst,Mayford James Limited,London,Finance and Accounting,3750,,Permanent,36027.62141528344,2012-04-06,00:00:00,2012-05-06,00:00:00
Rent Accountant / Property Accountant,Reed Finance,The City,Finance and Accounting,3750,,Permanent,36039.74406175828,2012-07-06,12:00:00,2012-09-04,12:00:00
Cost Accountant  Supply Chain Finance,Walker Hamill Ltd,London,Finance and Accounting,3417,,Permanent,32810.31319769833,2013-04-08,12:00:00,2013-06-07,12:00:00
Assistant Assurance Manager,Oliver James Associates Limited,The City,Finance and Accounting,3333,,Contract,32004.213169285074,2012-01-04,12:00:00,2012-03-04,12:00:00
Internal Auditor and Senior Auditor,cer Financial,London,Finance and Accounting,3333,,Permanent,32037.13195359884,2012-01-12,15:00:00,2012-02-11,15:00:00
Lease Accountant,The Oakland Partnership Limited,London,Finance and Accounting,3542,,Permanent,34007.41425216036,2013-02-09,00:00:00,2013-04-10,00:00:00
KYC Remediation,The Ocean Partnership Limited,London,Finance and Accounting,4000,,Contract,38437.20450959419,2013-04-14,00:00:00,2013-04-28,00:00:00
Financial Crime Analyst (Compliance),Newedge,London,Finance and Accounting,2917,,Permanent,27990.19624434398,2013-07-25,15:00:00,2013-09-23,15:00:00
UK Direct Business Manager (Part time),Bruin Financial Limited,London,"PR, Advertising and Marketing",3333,Part Time,,31984.803110371373,2013-01-25,12:00:00,2013-02-08,12:00:00
Compliance Monitoring Adviser,Colyer Dodd and Company Limited,Bristol,Finance and Accounting,2667,,Permanent,25651.81493778961,2012-07-22,12:00:00,2012-09-20,12:00:00
Quality and Risk Advisor,Alexander Lloyd,Crawley,Finance and Accounting,2917,,Permanent,28012.42844325566,2012-06-28,15:00:00,2012-08-27,15:00:00
PROPERTY FINANCE SUPPORT,Brian Durham Recruitment Services Limited,The City,Finance and Accounting,1458,,Permanent,14025.204735254758,2013-03-29,15:00:00,2013-05-28,15:00:00
Senior Complaints Handler,Randstad Financial Professional Ltd,The City,Finance and Accounting,2708,,Permanent,25979.712139727617,2013-05-22,12:00:00,2013-06-21,12:00:00
Audit Senior  Top 20 firm,Reed Finance,Peterborough,Finance and Accounting,2375,,Permanent,22827.084355378287,2013-11-07,15:00:00,2013-12-07,15:00:00
Buy Side Sales Support  EMEA  London,Selby Jennings Ltd,London,Finance and Accounting,2500,,Permanent,23972.547816552888,2012-10-01,00:00:00,2012-11-30,00:00:00
Consultant  Executive Search (Recruitment)  Banking  Mayfair,Saul Partners,London,Finance and Accounting,2500,,Permanent,23956.584412251315,2012-01-24,00:00:00,2012-04-23,00:00:00
Junior Database Developer,Brian Durham Recruitment Services Limited,The City,Finance and Accounting,2333,,Permanent,22361.472779541404,2013-02-11,00:00:00,2013-03-13,00:00:00
Non Marine Broker Backup / Technician  Commercial Account Handler,Matador Recruitment,The City,Finance and Accounting,2250,,Permanent,21561.473589353387,2013-04-26,12:00:00,2013-05-26,12:00:00
ITALIAN  Broker Support,LMA Recruitment Ltd,London,Finance and Accounting,1625,,Permanent,15563.021488916258,2013-02-10,15:00:00,2013-03-12,15:00:00
"Senior Manager, Credit Risk ( Workouts)",Campbell James Limited,The City,Finance and Accounting,7917,,Permanent,76049.59185261675,2013-04-01,12:00:00,2013-05-01,12:00:00
Legal Compliance Regulatory Change Analyst,LMA Recruitment Ltd,City,Finance and Accounting,5500,,Contract,52797.17945846199,2012-10-30,15:00:00,2012-11-13,15:00:00
Physical Oil Settlements (Pricing ) Manager,Twenty Recruitment Ltd,London,Finance and Accounting,5000,,Permanent,47977.78433261791,2013-02-02,15:00:00,2013-04-03,15:00:00
Operational Due Diligence (ODD) Analyst,Livingston Edwards Ltd,London,Finance and Accounting,3958,,Permanent,37962.57503727589,2012-03-04,12:00:00,2012-05-03,12:00:00
IFRS Accountant,Ambition Europe Limited,The City,Finance and Accounting,4375,,Permanent,41959.82348739989,2013-11-30,12:00:00,2013-12-30,12:00:00
Associate Director Product and Support  (Cash Management),Brian Durham Recruitment Services Limited,The City,Finance and Accounting,2292,,Permanent,21983.72566644667,2013-04-02,15:00:00,2013-07-01,15:00:00
MANAGERS SENIOR MANAGERS,Brightpool,London,Finance and Accounting,2500,,Permanent,24020.091090096084,2013-09-08,15:00:00,2013-10-08,15:00:00
Senior Operational Risk Analyst (AVP),C.K.R. Recruitment Limited,London,Finance and Accounting,3750,,Permanent,36005.75781681212,2013-07-18,00:00:00,2013-09-16,00:00:00
Compliance Risk Manager  (Property Finance),Brian Durham Recruitment Services Limited,The City,Finance and Accounting,4167,,Permanent,39956.13526906775,2012-05-04,12:00:00,2012-08-02,12:00:00
Trade Finance Collateral Management,Twenty Recruitment Ltd,London,Finance and Accounting,1875,,Permanent,17993.236592370242,2012-10-06,15:00:00,2012-12-05,15:00:00
Client Reporting Executive,Badenoch Clark Ltd,The City,Finance and Accounting,3542,,Permanent,34035.10507058127,2012-04-21,15:00:00,2012-05-21,15:00:00
Retail Management Accountant,Kennedy Pearce Consulting Ltd,London,Finance and Accounting,3542,,Contract,33982.72434502472,2012-09-27,12:00:00,2012-10-27,12:00:00
FINANCIAL PLANNING CONSULTANT  PRIVATE CLIENTS,Montpellier Resourcing Ltd,The City,Finance and Accounting,1667,,Permanent,16035.514731295185,2013-09-11,12:00:00,2013-10-11,12:00:00
Credit Assistant Manager  Property Division,Monument Financial Recruitment Ltd,London,Finance and Accounting,2917,,Permanent,28038.975106649275,2013-04-02,15:00:00,2013-07-01,15:00:00
Shipping Officer,Monument Financial Recruitment Ltd,London,Finance and Accounting,2500,,Permanent,23958.15410858961,2012-12-27,00:00:00,2013-01-26,00:00:00
Change Management Business Analyst,Twenty Recruitment Ltd,London,Finance and Accounting,5417,,Permanent,51975.44898399191,2013-01-26,00:00:00,2013-04-26,00:00:00
Head of Business Modelling and Analysis,Reed Finance,The City,Finance and Accounting,6667,,Permanent,64029.0727324866,2012-09-13,00:00:00,2012-11-12,00:00:00
Equity Fund Research Analyst,MW Recruitment Ltd,London,Finance and Accounting,6250,,Permanent,59986.389112803314,2012-11-23,15:00:00,2013-01-22,15:00:00
Stress Testing Modeller,Ambition Europe Limited,The City,Finance and Accounting,5833,,Contract,56002.02588447653,2012-01-15,12:00:00,2012-01-29,12:00:00
Operations Systems Manager,Marks Sattin  Ltd,The City,Finance and Accounting,5417,,Permanent,51963.22523628078,2012-12-13,00:00:00,2013-03-13,00:00:00
"Product Control (CFO), Structured Equities, Associate / AVP",Goodman Masson Recruitment Services Ltd,London,Finance and Accounting,5208,,Permanent,49951.91415436463,2013-02-26,15:00:00,2013-03-28,15:00:00
Senior European Fund Accountant  Real Estate,Marks Sattin  Ltd,The City,Finance and Accounting,5000,,Permanent,48020.47617963611,2012-08-22,12:00:00,2012-10-21,12:00:00
"Associate, Transaction Management",C.K.R. Recruitment Limited,The City,Finance and Accounting,4792,,Permanent,45975.63060872456,2012-08-06,00:00:00,2012-11-04,00:00:00
Quantitative Analytics Manager,Kennedy Pearce Consulting Ltd,London,Finance and Accounting,4583,,Permanent,43998.603453953576,2012-02-13,15:00:00,2012-03-14,15:00:00
Senior Credit Manager  Asset Finance,The Oakland Partnership Limited,South East England,Finance and Accounting,3958,,Permanent,37973.62126131424,2013-04-01,00:00:00,2013-05-31,00:00:00
Work local  Stop commuting,Employment Specialists Ltd,UK,Finance and Accounting,3750,,Permanent,36000.88884413259,2012-06-10,12:00:00,2012-09-08,12:00:00
"Junior Analyst Developer (NET, C)",IPS Group Ltd,London,Finance and Accounting,4167,,Permanent,39965.38779081056,2012-06-15,15:00:00,2012-07-15,15:00:00
Senior Development Underwriter,Employment Specialists Ltd,UK,Finance and Accounting,3542,,Permanent,33988.963484475746,2013-09-29,15:00:00,2013-10-29,15:00:00
Stop commuting and work locally,Employment Specialists Ltd,UK,Finance and Accounting,3125,,Permanent,30013.327540416456,2013-06-26,00:00:00,2013-09-24,00:00:00
Trade Finance Officer  French Speaker,Kennedy Pearce Consulting Ltd,West End,Finance and Accounting,3125,,Permanent,29977.193636372147,2013-02-07,15:00:00,2013-04-08,15:00:00
Financial Accountant Film Media Company Supply Chain Team,Hewitson Walker,London,Finance and Accounting,3125,,,30035.414514829183,2012-09-02,15:00:00,2012-09-16,15:00:00
Sales Account Management Support,Randstad Financial Professional Ltd,London,Finance and Accounting,3200,,Contract,30683.13936280592,2012-09-16,00:00:00,2012-11-15,00:00:00
Banking Operations Officer,Venn Group Limited,London,Finance and Accounting,2292,,Permanent,21985.759252144104,2012-01-31,12:00:00,2012-04-30,12:00:00
PQ Management Accountant (**** month FTC),Argyll Scott International Limited,London,Finance and Accounting,2292,,Contract,22036.625288675525,2012-10-06,12:00:00,2012-11-05,12:00:00
MORTGAGE ADVISOR  LEADING IFA FIRM,Clark James Ltd,UK,Finance and Accounting,3125,,Permanent,29983.12645687211,2012-01-22,12:00:00,2012-03-22,12:00:00
MOTOR CLAIMS HANDLER  PERSONAL INJURY EXPERIENCE,Clark James Ltd,UK,Finance and Accounting,1708,,Permanent,16372.434567856868,2012-04-26,00:00:00,2012-07-25,00:00:00
Collections Analyst,Randstad Financial Professional Ltd,Southampton,Finance and Accounting,1520,,Contract,14552.385934015889,2013-08-10,00:00:00,2013-09-09,00:00:00
Global Head of Compliance / Director / London,PBR Construction LTD,London,Finance and Accounting,7500,,Permanent,71975.52864582073,2013-12-21,12:00:00,2014-02-19,12:00:00
"Internal Audit, Commodities, Investment Banking London",Morgan McKinley Group Limited,London,Finance and Accounting,7083,,Permanent,68002.82951940404,2013-04-07,15:00:00,2013-06-06,15:00:00
Commodity Broker  Diamond / Metals,Generation Resourcing Limited,The City,Finance and Accounting,6250,,Permanent,60037.14092392126,2013-07-03,00:00:00,2013-09-01,00:00:00
"Commodities Credit Officer, AVP",Morgan McKinley Group Limited,The City,Finance and Accounting,5417,,Permanent,52025.52093592653,2012-05-29,00:00:00,2012-06-28,00:00:00
VP Senior Operations,Badenoch Clark Ltd,UK,Finance and Accounting,4375,,Permanent,42022.997823835554,2012-05-30,00:00:00,2012-06-29,00:00:00
Financial Planner  Milton Keynes,Idex Consulting LLP,Buckinghamshire,Finance and Accounting,3333,,Permanent,32011.689270221897,2012-08-03,12:00:00,2012-09-02,12:00:00
Associate Director  Planning Group,Randstad Financial Professional Ltd,London,Finance and Accounting,3958,,Permanent,38006.93424357368,2012-07-14,15:00:00,2012-09-12,15:00:00
Cash Manager,Goodman Masson Recruitment Services Ltd,London,Finance and Accounting,3333,,Permanent,32005.5153476103,2013-11-25,00:00:00,2014-02-23,00:00:00
Media Communications Asset Management,Argyll Scott International Limited,London,Finance and Accounting,3125,,Permanent,30049.98420740608,2012-12-28,12:00:00,2013-03-28,12:00:00
TECHNICAL TRAINER  MOTOR CLAIMS  KENT,Clark James Ltd,London,Finance and Accounting,3000,,Permanent,28781.6791538234,2013-11-02,15:00:00,2014-01-01,15:00:00
Corporate Action Administrator,Ambition Europe Limited,The City,Finance and Accounting,2917,,Contract,28010.10823643236,2013-07-06,15:00:00,2013-07-20,15:00:00
Compliance Analyst  Financial Promotions,LMA Recruitment Ltd,City,Finance and Accounting,3060,,Contract,29392.372238460663,2012-06-14,15:00:00,2012-06-28,15:00:00
Modelling AnalystLloyds Underwriting (quantitative Ist degree),Taylor James Resourcing Limited,City,Finance and Accounting,2625,,Permanent,25188.70111729688,2012-03-04,00:00:00,2012-04-03,00:00:00
Personal Injury Claims Negotiator  Basingstoke,MW Appointments Ltd,Basingstoke,Finance and Accounting,2708,,Permanent,25965.55964033088,2012-11-27,15:00:00,2013-01-26,15:00:00
Compliants Investigator,Alexander Lloyd,UK,Finance and Accounting,2667,,Permanent,25616.832758480028,2013-04-21,12:00:00,2013-05-21,12:00:00
MOTOR CLAIMS COMPLAINTS TEAM LEADER,Clark James Ltd,UK,Finance and Accounting,2208,,Permanent,21184.377471013668,2013-02-02,00:00:00,2013-04-03,00:00:00
Assistant Accountant  ACCA / CIMA studier,Carnegie Consulting Ltd,London,Finance and Accounting,2417,,Permanent,23220.412218244877,2013-01-29,00:00:00,2013-02-28,00:00:00
MOTOR CLAIMS TEAM LEADER / MANAGER,Clark James Ltd,UK,Finance and Accounting,2083,,Permanent,19966.45996410387,2012-03-31,00:00:00,2012-05-30,00:00:00
Banking Customer Services Payments Clerk,LMA Recruitment Ltd,City,Finance and Accounting,2167,,Contract,20838.13476663724,2013-05-15,00:00:00,2013-07-14,00:00:00
"Senior Data Specialist: Sovereign Research and Ratings to **** , ****",JHA Recruitment Consultancy,London,Finance and Accounting,3125,,Permanent,29971.860722029047,2012-10-29,12:00:00,2012-12-28,12:00:00
Project Managers  Insurance,Marks Sattin  Ltd,London,Finance and Accounting,6042,,Permanent,57986.93402630518,2013-01-25,12:00:00,2013-02-24,12:00:00
Fund Data Manager  Marketing,Austin Benn,South East London,Finance and Accounting,5625,,Permanent,54037.26502272686,2013-07-09,00:00:00,2013-08-08,00:00:00
Origination  Syndication Loan Sales,Prime Personnel Services Ltd,The City,Finance and Accounting,5417,,Permanent,51987.09705647251,2013-07-09,00:00:00,2013-09-07,00:00:00
"Senior Manager, Operational Risk (612 month contract)",C.K.R. Recruitment Limited,The City,Finance and Accounting,4667,,Contract,44782.103709890456,2013-08-29,00:00:00,2013-09-12,00:00:00
IT Sourcing Manager (Hardware),Reed Purchasing,The City,Finance and Accounting,3958,,Permanent,38006.22428509537,2013-10-29,15:00:00,2014-01-27,15:00:00
Hedge Fund Trade Support and NAV,Twenty Recruitment Ltd,London,Finance and Accounting,3750,,Permanent,36015.79702090197,2012-10-13,15:00:00,2012-11-12,15:00:00
Shipping Aviation Portfolio Manager,Prime Personnel Services Ltd,London,Finance and Accounting,4480,,Contract,43003.15769621435,2012-11-23,15:00:00,2012-12-23,15:00:00
Credit Analyst  Oil Trading,Insight Professional Solutions Ltd,London,Finance and Accounting,3333,,Permanent,31955.456858525355,2012-11-05,12:00:00,2012-12-05,12:00:00
Equities Fixed Income Trade Support,Prime Personnel Services Ltd,The City,Finance and Accounting,3167,,Permanent,30373.92694073473,2013-04-26,00:00:00,2013-06-25,00:00:00
Technology Sales Executive  Superb Opportunity,The Oakland Partnership Limited,South West London,Information Technology,3583,,Permanent,34398.7589782654,2012-09-02,12:00:00,2012-11-01,12:00:00
Assistant Accountant  Financial Services,The Oakland Partnership Limited,South West London,Finance and Accounting,2208,,Permanent,21191.37714911977,2013-01-02,15:00:00,2013-02-01,15:00:00
Head of Finance  Insurance,Insight Recruitment Solutions Ltd,London,Finance and Accounting,5958,,Permanent,57226.73596179053,2013-07-30,15:00:00,2013-09-28,15:00:00
Business Development Manager  Fluent Chinese,Prime Personnel Services Ltd,West End,Finance and Accounting,5833,,Permanent,56038.33880265724,2013-12-16,12:00:00,2014-01-15,12:00:00
Risk Manager  Consumer Credit,C.K.R. Recruitment Limited,West Sussex,Finance and Accounting,4792,,Permanent,46010.1962810663,2012-06-21,15:00:00,2012-09-19,15:00:00
physical commodities,City East Recruitment Limited,London,Finance and Accounting,5000,,Contract,48040.80927800393,2013-03-19,15:00:00,2013-04-02,15:00:00
Internal audit manager  Change,Black Swan Associates Limited,The City,Finance and Accounting,4167,,Permanent,39970.163848398144,2013-01-05,00:00:00,2013-03-06,00:00:00
Treasury Accounting and Operations Manager,Experis Limited,Guildford,Finance and Accounting,3958,,Permanent,37964.6890283941,2012-09-11,12:00:00,2012-11-10,12:00:00
Senior FX Dealer with client base,Arthur Financial Ltd,The City,Finance and Accounting,3542,,Permanent,34050.50101814715,2013-02-16,12:00:00,2013-04-17,12:00:00
SENIOR PENSIONS / CLIENT SERVICES ASSOCIATE  DC (LONDON OUTSKIRTS),Montpellier Resourcing Ltd,South East England,Finance and Accounting,3333,,Permanent,32037.43066536894,2013-02-24,00:00:00,2013-05-25,00:00:00
Mergers Acquisitions Senior Manager Financial Services London,MDM Consultants Limited,London,Finance and Accounting,7500,,Permanent,71997.57051024995,2013-03-17,15:00:00,2013-05-16,15:00:00
"Manager  Senior Manager, Regulatory Risk Consulting",Goodman Masson Recruitment Services Ltd,The City,Finance and Accounting,6458,,Permanent,61987.359941007,2013-08-22,15:00:00,2013-11-20,15:00:00
Finance Compliance Director,Harrison Holgate,The City,Finance and Accounting,7500,,Permanent,72004.78205658725,2013-10-28,15:00:00,2013-11-27,15:00:00
Senior Expenses Manager,Oliver James Associates Limited,The City,Finance and Accounting,6250,,Permanent,59996.31972175762,2013-06-23,15:00:00,2013-07-23,15:00:00
Consultant  Credit Risk,Albany Beck Consulting Ltd,London,Finance and Accounting,5208,,Permanent,50008.63636598119,2012-11-24,12:00:00,2013-02-22,12:00:00
Capital Markets Management Accountant,Albany Beck Consulting Ltd,London,Finance and Accounting,4583,,Permanent,44004.54438287881,2012-11-17,15:00:00,2013-01-16,15:00:00
Covered Bonds Credit Analyst,Randstad Financial Professional Ltd,London,Finance and Accounting,5542,,Permanent,53170.92498293138,2013-12-29,15:00:00,2014-03-29,15:00:00
SENIOR BUSINESS BANKING RELATIONSHIP MANAGER  EXCELLENT OPPORTUNITY,The Oakland Partnership Limited,North London,Finance and Accounting,4167,,Permanent,39981.906734626216,2013-02-10,12:00:00,2013-03-12,12:00:00
Loans Analyst,Blayney Personnel Limited,London,Finance and Accounting,3542,,Permanent,34046.77867973753,2013-10-25,12:00:00,2013-12-24,12:00:00
Newly Qualified Associate,Reed Finance,London,Finance and Accounting,3542,,Permanent,33985.58402146447,2012-05-01,15:00:00,2012-06-30,15:00:00
Financial Control Officer  Regulatory Reporting,Hays Financial Markets,The City,Finance and Accounting,3333,,Permanent,31991.0699222577,2013-05-31,00:00:00,2013-08-29,00:00:00
Management Accountant  London,Morgan McKinley Group Limited,The City,Finance and Accounting,3250,,Contract,31221.762735160435,2012-11-11,12:00:00,2012-11-25,12:00:00
Risk Manager  FSA / Regulatory Frameworks,Incite Solutions Ltd,Bath,Finance and Accounting,3125,,Permanent,30003.3155164876,2013-03-26,15:00:00,2013-05-25,15:00:00
Relationship / Sales executive  Multilingual,C.K.R. Recruitment Limited,London,"PR, Advertising and Marketing",2500,,Permanent,23959.108917461283,2013-07-14,15:00:00,2013-09-12,15:00:00
Corporate Tax Compliance Client Service Administrator,Randstad Financial Professional Ltd,UK,Finance and Accounting,1560,,Contract,14955.826921162849,2012-02-18,15:00:00,2012-03-03,15:00:00
