kode_provinsi,nama_provinsi,kode_kabupaten_kota,nama_kabupaten_kota,tahun_ajaran,jumlah_murid,jumlah_guru,ratio,level,indeks pendidikan
32,JAWA BARAT,3201,Bogor,2015,510841,,,sd,58.68
32,JAWA BARAT,3202,Sukabumi,2015,231697,,,sd,55.41
32,JAWA BARAT,3203,Cianjur,2015,286310,,,sd,54.66
32,JAWA BARAT,3204,Bandung,2015,304777,,,sd,61.75
32,JAWA BARAT,3205,Garut,2015,370266,,,sd,55.18
32,JAWA BARAT,3206,Tasikmalaya,2015,244251,,,sd,57.47
32,JAWA BARAT,3207,Ciamis,2015,142765,,,sd,62.56
32,JAWA BARAT,3208,Kuningan,2015,103195,,,sd,57.42
32,JAWA BARAT,3209,Cirebon,2015,201754,,,sd,53.82
32,JAWA BARAT,3210,Majalengka,2015,106532,,,sd,55.26
32,JAWA BARAT,3211,Sumedang,2015,104121,,,sd,61.39
32,JAWA BARAT,3212,Indramayu,2015,235032,,,sd,51.79
32,JAWA BARAT,3213,Subang,2015,163872,,,sd,53.35
32,JAWA BARAT,3214,Purwakarta,2015,99447,,,sd,56.26
32,JAWA BARAT,3215,Karawang,2015,159506,,,sd,55.18
32,JAWA BARAT,3216,Bekasi,2015,254504,,,sd,62.02
32,JAWA BARAT,3217,Bandung Barat,2015,157541,,,sd,56.74
32,JAWA BARAT,3218,Pangandaran,2015,51501,,,sd,56.83
32,JAWA BARAT,3271,Kota Bogor,2015,95375,,,sd,68.35
32,JAWA BARAT,3272,Kota Sukabumi,2015,33038,,,sd,67.05
32,JAWA BARAT,3273,Kota Bandung,2015,226340,,,sd,72.95
32,JAWA BARAT,3274,Kota Cirebon,2015,36292,,,sd,68.47
32,JAWA BARAT,3275,Kota Bekasi,2015,167103,,,sd,72.8
32,JAWA BARAT,3276,Kota Depok,2015,113511,,,sd,73.31
32,JAWA BARAT,3277,Kota Cimahi,2015,33195,,,sd,74.09
32,JAWA BARAT,3278,Kota Tasikmalaya,2015,64568,,,sd,65.68
32,JAWA BARAT,3279,Kota Banjar,2015,15826,,,sd,62.86
32,JAWA BARAT,3201,Bogor,2016,515245,,,sd,59.57
32,JAWA BARAT,3202,Sukabumi,2016,233031,,,sd,56.3
32,JAWA BARAT,3203,Cianjur,2016,242707,,,sd,55.03
32,JAWA BARAT,3204,Bandung,2016,369563,,,sd,62.83
32,JAWA BARAT,3205,Garut,2016,104159,,,sd,55.41
32,JAWA BARAT,3206,Tasikmalaya,2016,282933,,,sd,57.74
32,JAWA BARAT,3207,Ciamis,2016,161934,,,sd,63.08
32,JAWA BARAT,3208,Kuningan,2016,94120,,,sd,57.91
32,JAWA BARAT,3209,Cirebon,2016,102486,,,sd,54.78
32,JAWA BARAT,3210,Majalengka,2016,112561,,,sd,55.99
32,JAWA BARAT,3211,Sumedang,2016,199901,,,sd,61.59
32,JAWA BARAT,3212,Indramayu,2016,158706,,,sd,52.42
32,JAWA BARAT,3213,Subang,2016,141972,,,sd,54.32
32,JAWA BARAT,3214,Purwakarta,2016,99192,,,sd,57.57
32,JAWA BARAT,3215,Karawang,2016,225603,,,sd,56.05
32,JAWA BARAT,3216,Bekasi,2016,306077,,,sd,63.34
32,JAWA BARAT,3217,Bandung Barat,2016,157367,,,sd,57.54
32,JAWA BARAT,3218,Pangandaran,2016,32899,,,sd,56.96
32,JAWA BARAT,3271,Kota Bogor,2016,230636,,,sd,70.41
32,JAWA BARAT,3272,Kota Sukabumi,2016,106940,,,sd,68.1
32,JAWA BARAT,3273,Kota Bandung,2016,33166,,,sd,73.85
32,JAWA BARAT,3274,Kota Cirebon,2016,35933,,,sd,69.21
32,JAWA BARAT,3275,Kota Bekasi,2016,255098,,,sd,73.35
32,JAWA BARAT,3276,Kota Depok,2016,166735,,,sd,74.37
32,JAWA BARAT,3277,Kota Cimahi,2016,51953,,,sd,74.49
32,JAWA BARAT,3278,Kota Tasikmalaya,2016,64393,,,sd,65.99
32,JAWA BARAT,3279,Kota Banjar,2016,15543,,,sd,63.91
32,JAWA BARAT,3201,Bogor,2017,369173,,,sd,60.66
32,JAWA BARAT,3202,Sukabumi,2017,308558,,,sd,56.49
32,JAWA BARAT,3203,Cianjur,2017,161710,,,sd,56.09
32,JAWA BARAT,3204,Bandung,2017,516104,,,sd,62.89
32,JAWA BARAT,3205,Garut,2017,102379,,,sd,56.85
32,JAWA BARAT,3206,Tasikmalaya,2017,32770,,,sd,58.37
32,JAWA BARAT,3207,Ciamis,2017,283130,,,sd,63.24
32,JAWA BARAT,3208,Kuningan,2017,103814,,,sd,58
32,JAWA BARAT,3209,Cirebon,2017,93951,,,sd,55.95
32,JAWA BARAT,3210,Majalengka,2017,158551,,,sd,56.83
32,JAWA BARAT,3211,Sumedang,2017,158045,,,sd,62.52
32,JAWA BARAT,3212,Indramayu,2017,200783,,,sd,53.82
32,JAWA BARAT,3213,Subang,2017,225806,,,sd,55.18
32,JAWA BARAT,3214,Purwakarta,2017,99040,,,sd,58.83
32,JAWA BARAT,3215,Karawang,2017,112656,,,sd,57.69
32,JAWA BARAT,3216,Bekasi,2017,242702,,,sd,64.48
32,JAWA BARAT,3217,Bandung Barat,2017,232858,,,sd,58.55
32,JAWA BARAT,3218,Pangandaran,2017,141722,,,sd,57.98
32,JAWA BARAT,3271,Kota Bogor,2017,36125,,,sd,71.44
32,JAWA BARAT,3272,Kota Sukabumi,2017,64204,,,sd,68.93
32,JAWA BARAT,3273,Kota Bandung,2017,106932,,,sd,73.91
32,JAWA BARAT,3274,Kota Cirebon,2017,169018,,,sd,69.27
32,JAWA BARAT,3275,Kota Bekasi,2017,229854,,,sd,73.96
32,JAWA BARAT,3276,Kota Depok,2017,51946,,,sd,74.66
32,JAWA BARAT,3277,Kota Cimahi,2017,257210,,,sd,74.66
32,JAWA BARAT,3278,Kota Tasikmalaya,2017,15833,,,sd,67.35
32,JAWA BARAT,3279,Kota Banjar,2017,33482,,,sd,65.27
32,JAWA BARAT,3201,Bogor,2018,520803,,,sd,60.82
32,JAWA BARAT,3202,Sukabumi,2018,231061,,,sd,56.56
32,JAWA BARAT,3203,Cianjur,2018,240594,,,sd,56.16
32,JAWA BARAT,3204,Bandung,2018,366582,,,sd,63.71
32,JAWA BARAT,3205,Garut,2018,277816,,,sd,57.78
32,JAWA BARAT,3206,Tasikmalaya,2018,160608,,,sd,58.43
32,JAWA BARAT,3207,Ciamis,2018,93180,,,sd,63.31
32,JAWA BARAT,3208,Kuningan,2018,102081,,,sd,58.06
32,JAWA BARAT,3209,Cirebon,2018,200248,,,sd,56.01
32,JAWA BARAT,3210,Majalengka,2018,112024,,,sd,56.89
32,JAWA BARAT,3211,Sumedang,2018,103276,,,sd,63.18
32,JAWA BARAT,3212,Indramayu,2018,159307,,,sd,53.88
32,JAWA BARAT,3213,Subang,2018,140406,,,sd,55.24
32,JAWA BARAT,3214,Purwakarta,2018,98781,,,sd,59.42
32,JAWA BARAT,3215,Karawang,2018,225847,,,sd,58.03
32,JAWA BARAT,3216,Bekasi,2018,311033,,,sd,65.72
32,JAWA BARAT,3217,Bandung Barat,2018,157533,,,sd,59.43
32,JAWA BARAT,3218,Pangandaran,2018,32694,,,sd,58.71
32,JAWA BARAT,3271,Kota Bogor,2018,106272,,,sd,71.5
32,JAWA BARAT,3272,Kota Sukabumi,2018,32857,,,sd,68.99
32,JAWA BARAT,3273,Kota Bandung,2018,225848,,,sd,74.82
32,JAWA BARAT,3274,Kota Cirebon,2018,35555,,,sd,69.33
32,JAWA BARAT,3275,Kota Bekasi,2018,252939,,,sd,75.19
32,JAWA BARAT,3276,Kota Depok,2018,168983,,,sd,74.78
32,JAWA BARAT,3277,Kota Cimahi,2018,51811,,,sd,74.72
32,JAWA BARAT,3278,Kota Tasikmalaya,2018,64290,,,sd,67.41
32,JAWA BARAT,3279,Kota Banjar,2018,15832,,,sd,65.33
32,JAWA BARAT,3201,Bogor,2019,532036,,,sd,62.27
32,JAWA BARAT,3202,Sukabumi,2019,234147,,,sd,57.34
32,JAWA BARAT,3203,Cianjur,2019,245471,,,sd,56.51
32,JAWA BARAT,3204,Bandung,2019,370712,,,sd,64.52
32,JAWA BARAT,3205,Garut,2019,277972,,,sd,57.87
32,JAWA BARAT,3206,Tasikmalaya,2019,161286,,,sd,58.68
32,JAWA BARAT,3207,Ciamis,2019,92669,,,sd,63.94
32,JAWA BARAT,3208,Kuningan,2019,102147,,,sd,58.21
32,JAWA BARAT,3209,Cirebon,2019,201588,,,sd,56.37
32,JAWA BARAT,3210,Majalengka,2019,113086,,,sd,57.55
32,JAWA BARAT,3211,Sumedang,2019,104243,,,sd,63.57
32,JAWA BARAT,3212,Indramayu,2019,162672,,,sd,53.97
32,JAWA BARAT,3213,Subang,2019,141511,,,sd,55.31
32,JAWA BARAT,3214,Purwakarta,2019,99927,,,sd,60.01
32,JAWA BARAT,3215,Karawang,2019,231277,,,sd,59.06
32,JAWA BARAT,3216,Bekasi,2019,317640,,,sd,65.8
32,JAWA BARAT,3217,Bandung Barat,2019,159616,,,sd,60.21
32,JAWA BARAT,3218,Pangandaran,2019,32950,,,sd,59.07
32,JAWA BARAT,3271,Kota Bogor,2019,106347,,,sd,71.62
32,JAWA BARAT,3272,Kota Sukabumi,2019,33491,,,sd,69.32
32,JAWA BARAT,3273,Kota Bandung,2019,224219,,,sd,75.22
32,JAWA BARAT,3274,Kota Cirebon,2019,35409,,,sd,69.42
32,JAWA BARAT,3275,Kota Bekasi,2019,250416,,,sd,75.86
32,JAWA BARAT,3276,Kota Depok,2019,168289,,,sd,75.31
32,JAWA BARAT,3277,Kota Cimahi,2019,51053,,,sd,74.81
32,JAWA BARAT,3278,Kota Tasikmalaya,2019,64854,,,sd,67.77
32,JAWA BARAT,3279,Kota Banjar,2019,15766,,,sd,65.46
32,JAWA BARAT,3201,Bogor,2015,61153,2950,20.72983051,sma,58.68
32,JAWA BARAT,3202,Sukabumi,2015,59843,2353,25.43263918,sma,55.41
32,JAWA BARAT,3203,Cianjur,2015,36226,3832,9.453549061,sma,54.66
32,JAWA BARAT,3204,Bandung,2015,46428,2100,22.10857143,sma,61.75
32,JAWA BARAT,3205,Garut,2015,47270,2208,21.40851449,sma,55.18
32,JAWA BARAT,3206,Tasikmalaya,2015,25189,2413,10.43887277,sma,57.47
32,JAWA BARAT,3207,Ciamis,2015,20259,1092,18.5521978,sma,62.56
32,JAWA BARAT,3208,Kuningan,2015,16997,941,18.06269926,sma,57.42
32,JAWA BARAT,3209,Cirebon,2015,21728,1117,19.45210385,sma,53.82
32,JAWA BARAT,3210,Majalengka,2015,20004,864,23.15277778,sma,55.26
32,JAWA BARAT,3211,Sumedang,2015,14632,778,18.80719794,sma,61.39
32,JAWA BARAT,3212,Indramayu,2015,26205,1159,22.61000863,sma,51.79
32,JAWA BARAT,3213,Subang,2015,15655,1058,14.79678639,sma,53.35
32,JAWA BARAT,3214,Purwakarta,2015,14114,1238,11.4006462,sma,56.26
32,JAWA BARAT,3215,Karawang,2015,18537,1210,15.31983471,sma,55.18
32,JAWA BARAT,3216,Bekasi,2015,40886,1297,31.52351581,sma,62.02
32,JAWA BARAT,3217,Bandung Barat,2015,22221,1154,19.25563258,sma,56.74
32,JAWA BARAT,3218,Pangandaran,2015,9138,574,15.91986063,sma,56.83
32,JAWA BARAT,3271,Kota Bogor,2015,12947,618,20.94983819,sma,68.35
32,JAWA BARAT,3272,Kota Sukabumi,2015,8248,758,10.88126649,sma,67.05
32,JAWA BARAT,3273,Kota Bandung,2015,32287,1334,24.20314843,sma,72.95
32,JAWA BARAT,3274,Kota Cirebon,2015,12925,226,57.19026549,sma,68.47
32,JAWA BARAT,3275,Kota Bekasi,2015,22955,1248,18.39342949,sma,72.8
32,JAWA BARAT,3276,Kota Depok,2015,14282,838,17.04295943,sma,73.31
32,JAWA BARAT,3277,Kota Cimahi,2015,3651,495,7.375757576,sma,74.09
32,JAWA BARAT,3278,Kota Tasikmalaya,2015,14104,855,16.49590643,sma,65.68
32,JAWA BARAT,3279,Kota Banjar,2015,3211,198,16.21717172,sma,62.86
32,JAWA BARAT,3201,Bogor,2016,66121,2933,22.5438118,sma,59.57
32,JAWA BARAT,3202,Sukabumi,2016,31692,1351,23.45817913,sma,56.3
32,JAWA BARAT,3203,Cianjur,2016,30570,1304,23.44325153,sma,55.03
32,JAWA BARAT,3204,Bandung,2016,50712,2226,22.78167116,sma,62.83
32,JAWA BARAT,3205,Garut,2016,15893,879,18.08077361,sma,55.41
32,JAWA BARAT,3206,Tasikmalaya,2016,42540,2096,20.29580153,sma,57.74
32,JAWA BARAT,3207,Ciamis,2016,18977,1116,17.00448029,sma,63.08
32,JAWA BARAT,3208,Kuningan,2016,14177,828,17.12198068,sma,57.91
32,JAWA BARAT,3209,Cirebon,2016,18018,939,19.1884984,sma,54.78
32,JAWA BARAT,3210,Majalengka,2016,15908,818,19.44743276,sma,55.99
32,JAWA BARAT,3211,Sumedang,2016,22655,1196,18.94230769,sma,61.59
32,JAWA BARAT,3212,Indramayu,2016,18838,1145,16.45240175,sma,52.42
32,JAWA BARAT,3213,Subang,2016,21934,1071,20.4799253,sma,54.32
32,JAWA BARAT,3214,Purwakarta,2016,15581,644,24.19409938,sma,57.57
32,JAWA BARAT,3215,Karawang,2016,32972,1323,24.92214664,sma,56.05
32,JAWA BARAT,3216,Bekasi,2016,49648,2340,21.21709402,sma,63.34
32,JAWA BARAT,3217,Bandung Barat,2016,24492,1176,20.82653061,sma,57.54
32,JAWA BARAT,3218,Pangandaran,2016,3977,235,16.92340426,sma,56.96
32,JAWA BARAT,3271,Kota Bogor,2016,61965,3835,16.1577575,sma,70.41
32,JAWA BARAT,3272,Kota Sukabumi,2016,20161,1191,16.92779177,sma,68.1
32,JAWA BARAT,3273,Kota Bandung,2016,8330,474,17.57383966,sma,73.85
32,JAWA BARAT,3274,Kota Cirebon,2016,12759,731,17.45417237,sma,69.21
32,JAWA BARAT,3275,Kota Bekasi,2016,41006,2360,17.37542373,sma,73.35
32,JAWA BARAT,3276,Kota Depok,2016,24267,1132,21.43727915,sma,74.37
32,JAWA BARAT,3277,Kota Cimahi,2016,9120,546,16.7032967,sma,74.49
32,JAWA BARAT,3278,Kota Tasikmalaya,2016,14535,821,17.70401949,sma,65.99
32,JAWA BARAT,3279,Kota Banjar,2016,3353,192,17.46354167,sma,63.91
32,JAWA BARAT,3201,Bogor,2017,65388,2930,22.31672355,sma,60.66
32,JAWA BARAT,3202,Sukabumi,2017,28364,1345,21.08847584,sma,56.49
32,JAWA BARAT,3203,Cianjur,2017,27190,1292,21.04489164,sma,56.09
32,JAWA BARAT,3204,Bandung,2017,50152,2215,22.64198646,sma,62.89
32,JAWA BARAT,3205,Garut,2017,38287,2096,18.26669847,sma,56.85
32,JAWA BARAT,3206,Tasikmalaya,2017,17455,1105,15.79638009,sma,58.37
32,JAWA BARAT,3207,Ciamis,2017,13263,819,16.19413919,sma,63.24
32,JAWA BARAT,3208,Kuningan,2017,17591,935,18.81390374,sma,58
32,JAWA BARAT,3209,Cirebon,2017,22430,1171,19.15456874,sma,55.95
32,JAWA BARAT,3210,Majalengka,2017,15480,832,18.60576923,sma,56.83
32,JAWA BARAT,3211,Sumedang,2017,15581,857,18.18086348,sma,62.52
32,JAWA BARAT,3212,Indramayu,2017,18772,1152,16.29513889,sma,53.82
32,JAWA BARAT,3213,Subang,2017,21129,1062,19.89548023,sma,55.18
32,JAWA BARAT,3214,Purwakarta,2017,14430,659,21.89681335,sma,58.83
32,JAWA BARAT,3215,Karawang,2017,32230,1303,24.7352264,sma,57.69
32,JAWA BARAT,3216,Bekasi,2017,49379,2301,21.45980009,sma,64.48
32,JAWA BARAT,3217,Bandung Barat,2017,23795,1209,19.681555,sma,58.55
32,JAWA BARAT,3218,Pangandaran,2017,3972,237,16.75949367,sma,57.98
32,JAWA BARAT,3271,Kota Bogor,2017,20138,1231,16.35905768,sma,71.44
32,JAWA BARAT,3272,Kota Sukabumi,2017,8324,478,17.41422594,sma,68.93
32,JAWA BARAT,3273,Kota Bandung,2017,61568,3805,16.18081472,sma,73.91
32,JAWA BARAT,3274,Kota Cirebon,2017,12801,751,17.04527297,sma,69.27
32,JAWA BARAT,3275,Kota Bekasi,2017,42185,2366,17.82967033,sma,73.96
32,JAWA BARAT,3276,Kota Depok,2017,24312,1103,22.04170444,sma,74.66
32,JAWA BARAT,3277,Kota Cimahi,2017,9058,545,16.62018349,sma,74.66
32,JAWA BARAT,3278,Kota Tasikmalaya,2017,14509,835,17.3760479,sma,67.35
32,JAWA BARAT,3279,Kota Banjar,2017,3294,194,16.97938144,sma,65.27
32,JAWA BARAT,3201,Bogor,2018,69802,3125,22.33664,sma,60.82
32,JAWA BARAT,3202,Sukabumi,2018,34945,1352,25.84689349,sma,56.56
32,JAWA BARAT,3203,Cianjur,2018,32476,1335,24.32659176,sma,56.16
32,JAWA BARAT,3204,Bandung,2018,53167,2305,23.0659436,sma,63.71
32,JAWA BARAT,3205,Garut,2018,44737,873,51.24513173,sma,57.78
32,JAWA BARAT,3206,Tasikmalaya,2018,21034,2144,9.810634328,sma,58.43
32,JAWA BARAT,3207,Ciamis,2018,15080,1167,12.92202228,sma,63.31
32,JAWA BARAT,3208,Kuningan,2018,18142,826,21.96368039,sma,58.06
32,JAWA BARAT,3209,Cirebon,2018,21822,939,23.23961661,sma,56.01
32,JAWA BARAT,3210,Majalengka,2018,16736,825,20.28606061,sma,56.89
32,JAWA BARAT,3211,Sumedang,2018,16519,1189,13.89318755,sma,63.18
32,JAWA BARAT,3212,Indramayu,2018,18298,1156,15.82871972,sma,53.88
32,JAWA BARAT,3213,Subang,2018,23046,1091,21.12373969,sma,55.24
32,JAWA BARAT,3214,Purwakarta,2018,15199,634,23.97318612,sma,59.42
32,JAWA BARAT,3215,Karawang,2018,31164,1312,23.75304878,sma,58.03
32,JAWA BARAT,3216,Bekasi,2018,49332,2352,20.9744898,sma,65.72
32,JAWA BARAT,3217,Bandung Barat,2018,26552,1210,21.94380165,sma,59.43
32,JAWA BARAT,3218,Pangandaran,2018,4188,236,17.74576271,sma,58.71
32,JAWA BARAT,3271,Kota Bogor,2018,19741,3833,5.150273937,sma,71.5
32,JAWA BARAT,3272,Kota Sukabumi,2018,8108,1203,6.739817124,sma,68.99
32,JAWA BARAT,3273,Kota Bandung,2018,60866,465,130.8946237,sma,74.82
32,JAWA BARAT,3274,Kota Cirebon,2018,12331,757,16.28929987,sma,69.33
32,JAWA BARAT,3275,Kota Bekasi,2018,42082,2416,17.41804636,sma,75.19
32,JAWA BARAT,3276,Kota Depok,2018,24677,1152,21.42100694,sma,74.78
32,JAWA BARAT,3277,Kota Cimahi,2018,9161,543,16.87108656,sma,74.72
32,JAWA BARAT,3278,Kota Tasikmalaya,2018,14739,828,17.80072464,sma,67.41
32,JAWA BARAT,3279,Kota Banjar,2018,3484,192,18.14583333,sma,65.33
32,JAWA BARAT,3201,Bogor,2019,71831,3314,21.67501509,sma,62.27
32,JAWA BARAT,3202,Sukabumi,2019,31786,1447,21.96682792,sma,57.34
32,JAWA BARAT,3203,Cianjur,2019,29142,1424,20.46488764,sma,56.51
32,JAWA BARAT,3204,Bandung,2019,53574,2391,22.40652447,sma,64.52
32,JAWA BARAT,3205,Garut,2019,41156,2146,19.17800559,sma,57.87
32,JAWA BARAT,3206,Tasikmalaya,2019,20727,1229,16.86493084,sma,58.68
32,JAWA BARAT,3207,Ciamis,2019,15068,848,17.76886792,sma,63.94
32,JAWA BARAT,3208,Kuningan,2019,18292,900,20.32444444,sma,58.21
32,JAWA BARAT,3209,Cirebon,2019,21874,1150,19.02086957,sma,56.37
32,JAWA BARAT,3210,Majalengka,2019,15644,811,19.28976572,sma,57.55
32,JAWA BARAT,3211,Sumedang,2019,16749,868,19.29608295,sma,63.57
32,JAWA BARAT,3212,Indramayu,2019,18433,1122,16.42869875,sma,53.97
32,JAWA BARAT,3213,Subang,2019,22546,1173,19.22080136,sma,55.31
32,JAWA BARAT,3214,Purwakarta,2019,14205,643,22.09175739,sma,60.01
32,JAWA BARAT,3215,Karawang,2019,28683,1361,21.07494489,sma,59.06
32,JAWA BARAT,3216,Bekasi,2019,50200,2444,20.5400982,sma,65.8
32,JAWA BARAT,3217,Bandung Barat,2019,25460,1261,20.19032514,sma,60.21
32,JAWA BARAT,3218,Pangandaran,2019,4432,235,18.85957447,sma,59.07
32,JAWA BARAT,3271,Kota Bogor,2019,19920,1143,17.42782152,sma,71.62
32,JAWA BARAT,3272,Kota Sukabumi,2019,7756,437,17.74828375,sma,69.32
32,JAWA BARAT,3273,Kota Bandung,2019,59541,3662,16.25914801,sma,75.22
32,JAWA BARAT,3274,Kota Cirebon,2019,12032,709,16.97038082,sma,69.42
32,JAWA BARAT,3275,Kota Bekasi,2019,42650,2404,17.74126456,sma,75.86
32,JAWA BARAT,3276,Kota Depok,2019,24426,1231,19.84240455,sma,75.31
32,JAWA BARAT,3277,Kota Cimahi,2019,9215,514,17.92801556,sma,74.81
32,JAWA BARAT,3278,Kota Tasikmalaya,2019,14730,791,18.62199747,sma,67.77
32,JAWA BARAT,3279,Kota Banjar,2019,3378,191,17.68586387,sma,65.46
32,JAWA BARAT,3201,Bogor,2015,202865,8372,24.23136646,smp,58.68
32,JAWA BARAT,3202,Sukabumi,2015,110222,5169,21.32366028,smp,55.41
32,JAWA BARAT,3203,Cianjur,2015,104226,5398,19.30826232,smp,54.66
32,JAWA BARAT,3204,Bandung,2015,115259,5462,21.1019773,smp,61.75
32,JAWA BARAT,3205,Garut,2015,138763,5517,25.15189415,smp,55.18
32,JAWA BARAT,3206,Tasikmalaya,2015,97139,4403,22.06200318,smp,57.47
32,JAWA BARAT,3207,Ciamis,2015,62051,2937,21.12734082,smp,62.56
32,JAWA BARAT,3208,Kuningan,2015,41070,2311,17.77152748,smp,57.42
32,JAWA BARAT,3209,Cirebon,2015,78071,3987,19.58138952,smp,53.82
32,JAWA BARAT,3210,Majalengka,2015,45466,2484,18.30354267,smp,55.26
32,JAWA BARAT,3211,Sumedang,2015,44878,2411,18.61385317,smp,61.39
32,JAWA BARAT,3212,Indramayu,2015,88806,4133,21.48705541,smp,51.79
32,JAWA BARAT,3213,Subang,2015,64411,3166,20.34459886,smp,53.35
32,JAWA BARAT,3214,Purwakarta,2015,39436,2156,18.29128015,smp,56.26
32,JAWA BARAT,3215,Karawang,2015,62883,3432,18.32255245,smp,55.18
32,JAWA BARAT,3216,Bekasi,2015,94614,4271,22.15265746,smp,62.02
32,JAWA BARAT,3217,Bandung Barat,2015,61414,2822,21.76257973,smp,56.74
32,JAWA BARAT,3218,Pangandaran,2015,22358,1031,21.685742,smp,56.83
32,JAWA BARAT,3271,Kota Bogor,2015,39503,1838,21.49238303,smp,68.35
32,JAWA BARAT,3272,Kota Sukabumi,2015,16240,1060,15.32075472,smp,67.05
32,JAWA BARAT,3273,Kota Bandung,2015,88576,3934,22.51550585,smp,72.95
32,JAWA BARAT,3274,Kota Cirebon,2015,19884,931,21.35767991,smp,68.47
32,JAWA BARAT,3275,Kota Bekasi,2015,64644,3181,20.32191135,smp,72.8
32,JAWA BARAT,3276,Kota Depok,2015,38998,2363,16.50359712,smp,73.31
32,JAWA BARAT,3277,Kota Cimahi,2015,13205,846,15.60874704,smp,74.09
32,JAWA BARAT,3278,Kota Tasikmalaya,2015,28962,1672,17.32177033,smp,65.68
32,JAWA BARAT,3279,Kota Banjar,2015,7847,509,15.41650295,smp,62.86
32,JAWA BARAT,3201,Bogor,2016,202606,8216,24.65993184,smp,59.57
32,JAWA BARAT,3202,Sukabumi,2016,88590,3832,23.11847599,smp,56.3
32,JAWA BARAT,3203,Cianjur,2016,96258,4183,23.01171408,smp,55.03
32,JAWA BARAT,3204,Bandung,2016,137706,5547,24.82531098,smp,62.83
32,JAWA BARAT,3205,Garut,2016,44576,244,182.6885246,smp,55.41
32,JAWA BARAT,3206,Tasikmalaya,2016,105079,5163,20.35231455,smp,57.74
32,JAWA BARAT,3207,Ciamis,2016,65337,3839,17.01927585,smp,63.08
32,JAWA BARAT,3208,Kuningan,2016,39211,2317,16.92317652,smp,57.91
32,JAWA BARAT,3209,Cirebon,2016,41004,2272,18.04753521,smp,54.78
32,JAWA BARAT,3210,Majalengka,2016,38599,2283,16.90713973,smp,55.99
32,JAWA BARAT,3211,Sumedang,2016,77911,4075,19.1192638,smp,61.59
32,JAWA BARAT,3212,Indramayu,2016,62039,3309,18.74856452,smp,52.42
32,JAWA BARAT,3213,Subang,2016,60697,3124,19.42925736,smp,54.32
32,JAWA BARAT,3214,Purwakarta,2016,40352,1844,21.88286334,smp,57.57
32,JAWA BARAT,3215,Karawang,2016,85928,3216,26.71890547,smp,56.05
32,JAWA BARAT,3216,Bekasi,2016,115051,5021,22.91396136,smp,63.34
32,JAWA BARAT,3217,Bandung Barat,2016,62056,2841,21.84301302,smp,57.54
32,JAWA BARAT,3218,Pangandaran,2016,13155,913,14.40854326,smp,56.96
32,JAWA BARAT,3271,Kota Bogor,2016,108001,5243,20.59908449,smp,70.41
32,JAWA BARAT,3272,Kota Sukabumi,2016,45130,2123,21.25765426,smp,68.1
32,JAWA BARAT,3273,Kota Bandung,2016,16461,800,20.57625,smp,73.85
32,JAWA BARAT,3274,Kota Cirebon,2016,19403,1018,19.05992141,smp,69.21
32,JAWA BARAT,3275,Kota Bekasi,2016,93262,4431,21.04761905,smp,73.35
32,JAWA BARAT,3276,Kota Depok,2016,63728,2812,22.6628734,smp,74.37
32,JAWA BARAT,3277,Kota Cimahi,2016,21404,995,21.51155779,smp,74.49
32,JAWA BARAT,3278,Kota Tasikmalaya,2016,28682,1655,17.3305136,smp,65.99
32,JAWA BARAT,3279,Kota Banjar,2016,7802,501,15.57285429,smp,63.91
32,JAWA BARAT,3201,Bogor,2017,205524,8136,25.26106195,smp,60.66
32,JAWA BARAT,3202,Sukabumi,2017,89367,3736,23.92050321,smp,56.49
32,JAWA BARAT,3203,Cianjur,2017,97465,4085,23.85924113,smp,56.09
32,JAWA BARAT,3204,Bandung,2017,139508,5481,25.45301952,smp,62.89
32,JAWA BARAT,3205,Garut,2017,105846,5117,20.68516709,smp,56.85
32,JAWA BARAT,3206,Tasikmalaya,2017,65416,3788,17.26927138,smp,58.37
32,JAWA BARAT,3207,Ciamis,2017,39314,2276,17.27328647,smp,63.24
32,JAWA BARAT,3208,Kuningan,2017,41232,2252,18.30905861,smp,58
32,JAWA BARAT,3209,Cirebon,2017,78590,4050,19.40493827,smp,55.95
32,JAWA BARAT,3210,Majalengka,2017,38782,2290,16.93537118,smp,56.83
32,JAWA BARAT,3211,Sumedang,2017,44695,2438,18.33264971,smp,62.52
32,JAWA BARAT,3212,Indramayu,2017,62593,3309,18.9159867,smp,53.82
32,JAWA BARAT,3213,Subang,2017,61081,3107,19.65915674,smp,55.18
32,JAWA BARAT,3214,Purwakarta,2017,40631,1812,22.42328918,smp,58.83
32,JAWA BARAT,3215,Karawang,2017,86075,3169,27.16156516,smp,57.69
32,JAWA BARAT,3216,Bekasi,2017,116633,4943,23.59558972,smp,64.48
32,JAWA BARAT,3217,Bandung Barat,2017,62422,2826,22.08846426,smp,58.55
32,JAWA BARAT,3218,Pangandaran,2017,13058,899,14.52502781,smp,57.98
32,JAWA BARAT,3271,Kota Bogor,2017,45145,2147,21.02701444,smp,71.44
32,JAWA BARAT,3272,Kota Sukabumi,2017,16594,801,20.71660424,smp,68.93
32,JAWA BARAT,3273,Kota Bandung,2017,107983,5335,20.24048735,smp,73.91
32,JAWA BARAT,3274,Kota Cirebon,2017,19495,1014,19.22583826,smp,69.27
32,JAWA BARAT,3275,Kota Bekasi,2017,95104,4377,21.72812429,smp,73.96
32,JAWA BARAT,3276,Kota Depok,2017,65204,2817,23.14660987,smp,74.66
32,JAWA BARAT,3277,Kota Cimahi,2017,21473,997,21.53761284,smp,74.66
32,JAWA BARAT,3278,Kota Tasikmalaya,2017,28897,1625,17.78276923,smp,67.35
32,JAWA BARAT,3279,Kota Banjar,2017,7873,500,15.746,smp,65.27
32,JAWA BARAT,3201,Bogor,2018,204872,8374,24.46524958,smp,60.82
32,JAWA BARAT,3202,Sukabumi,2018,86908,3916,22.19305414,smp,56.56
32,JAWA BARAT,3203,Cianjur,2018,95800,4328,22.1349353,smp,56.16
32,JAWA BARAT,3204,Bandung,2018,135700,5779,23.48157121,smp,63.71
32,JAWA BARAT,3205,Garut,2018,103971,2448,42.47181373,smp,57.78
32,JAWA BARAT,3206,Tasikmalaya,2018,63632,5146,12.3653323,smp,58.43
32,JAWA BARAT,3207,Ciamis,2018,37856,3807,9.943787759,smp,63.31
32,JAWA BARAT,3208,Kuningan,2018,40206,2373,16.94310999,smp,58.06
32,JAWA BARAT,3209,Cirebon,2018,78395,2319,33.80551962,smp,56.01
32,JAWA BARAT,3210,Majalengka,2018,38071,2271,16.76398063,smp,56.89
32,JAWA BARAT,3211,Sumedang,2018,43591,4189,10.4060635,smp,63.18
32,JAWA BARAT,3212,Indramayu,2018,60747,3393,17.90362511,smp,53.88
32,JAWA BARAT,3213,Subang,2018,60177,3187,18.88202071,smp,55.24
32,JAWA BARAT,3214,Purwakarta,2018,40301,1746,23.08190149,smp,59.42
32,JAWA BARAT,3215,Karawang,2018,85082,3270,26.01896024,smp,58.03
32,JAWA BARAT,3216,Bekasi,2018,117370,5107,22.98218132,smp,65.72
32,JAWA BARAT,3217,Bandung Barat,2018,61701,2884,21.39424411,smp,59.43
32,JAWA BARAT,3218,Pangandaran,2018,13187,931,14.16433942,smp,58.71
32,JAWA BARAT,3271,Kota Bogor,2018,43879,5281,8.308843022,smp,71.5
32,JAWA BARAT,3272,Kota Sukabumi,2018,16098,2192,7.343978102,smp,68.99
32,JAWA BARAT,3273,Kota Bandung,2018,102933,809,127.2348578,smp,74.82
32,JAWA BARAT,3274,Kota Cirebon,2018,18713,1044,17.9243295,smp,69.33
32,JAWA BARAT,3275,Kota Bekasi,2018,94423,4621,20.43345596,smp,75.19
32,JAWA BARAT,3276,Kota Depok,2018,65508,2791,23.47115729,smp,74.78
32,JAWA BARAT,3277,Kota Cimahi,2018,20692,992,20.85887097,smp,74.72
32,JAWA BARAT,3278,Kota Tasikmalaya,2018,28299,1684,16.80463183,smp,67.41
32,JAWA BARAT,3279,Kota Banjar,2018,7913,514,15.39494163,smp,65.33
32,JAWA BARAT,3201,Bogor,2019,210751,8723,24.1603806,smp,62.27
32,JAWA BARAT,3202,Sukabumi,2019,87130,3882,22.44461618,smp,57.34
32,JAWA BARAT,3203,Cianjur,2019,95045,4371,21.74445207,smp,56.51
32,JAWA BARAT,3204,Bandung,2019,139040,5956,23.34452653,smp,64.52
32,JAWA BARAT,3205,Garut,2019,104835,5284,19.84008327,smp,57.87
32,JAWA BARAT,3206,Tasikmalaya,2019,63928,3770,16.95702918,smp,58.68
32,JAWA BARAT,3207,Ciamis,2019,38051,2331,16.32389532,smp,63.94
32,JAWA BARAT,3208,Kuningan,2019,40480,2344,17.26962457,smp,58.21
32,JAWA BARAT,3209,Cirebon,2019,80765,4314,18.72160408,smp,56.37
32,JAWA BARAT,3210,Majalengka,2019,38972,2272,17.15316901,smp,57.55
32,JAWA BARAT,3211,Sumedang,2019,43489,2523,17.23701942,smp,63.57
32,JAWA BARAT,3212,Indramayu,2019,62632,3460,18.1017341,smp,53.97
32,JAWA BARAT,3213,Subang,2019,61611,3169,19.44177974,smp,55.31
32,JAWA BARAT,3214,Purwakarta,2019,39754,1810,21.96353591,smp,60.01
32,JAWA BARAT,3215,Karawang,2019,87035,3325,26.17593985,smp,59.06
32,JAWA BARAT,3216,Bekasi,2019,119924,5336,22.47451274,smp,65.8
32,JAWA BARAT,3217,Bandung Barat,2019,62326,2971,20.97812184,smp,60.21
32,JAWA BARAT,3218,Pangandaran,2019,13703,1001,13.68931069,smp,59.07
32,JAWA BARAT,3271,Kota Bogor,2019,44062,2240,19.67053571,smp,71.62
32,JAWA BARAT,3272,Kota Sukabumi,2019,15984,808,19.78217822,smp,69.32
32,JAWA BARAT,3273,Kota Bandung,2019,101545,5039,20.15181584,smp,75.22
32,JAWA BARAT,3274,Kota Cirebon,2019,18775,1035,18.14009662,smp,69.42
32,JAWA BARAT,3275,Kota Bekasi,2019,94772,4704,20.14710884,smp,75.86
32,JAWA BARAT,3276,Kota Depok,2019,65724,3208,20.48753117,smp,75.31
32,JAWA BARAT,3277,Kota Cimahi,2019,20814,932,22.33261803,smp,74.81
32,JAWA BARAT,3278,Kota Tasikmalaya,2019,28835,1628,17.71191646,smp,67.77
32,JAWA BARAT,3279,Kota Banjar,2019,8112,534,15.19101124,smp,65.46
32,JAWA BARAT,3201,Bogor,2015,113581,4235,26.81959858,smk,58.68
32,JAWA BARAT,3202,Sukabumi,2015,59507,2588,22.99343122,smk,55.41
32,JAWA BARAT,3203,Cianjur,2015,45234,3592,12.59298441,smk,54.66
32,JAWA BARAT,3204,Bandung,2015,57456,2639,21.77188329,smk,61.75
32,JAWA BARAT,3205,Garut,2015,51498,2310,22.29350649,smk,55.18
32,JAWA BARAT,3206,Tasikmalaya,2015,46921,2707,17.3332102,smk,57.47
32,JAWA BARAT,3207,Ciamis,2015,33354,1598,20.87234043,smk,62.56
32,JAWA BARAT,3208,Kuningan,2015,24984,1480,16.88108108,smk,57.42
32,JAWA BARAT,3209,Cirebon,2015,48439,2179,22.22992198,smk,53.82
32,JAWA BARAT,3210,Majalengka,2015,37941,1500,25.294,smk,55.26
32,JAWA BARAT,3211,Sumedang,2015,23106,1372,16.84110787,smk,61.39
32,JAWA BARAT,3212,Indramayu,2015,38482,2387,16.12149141,smk,51.79
32,JAWA BARAT,3213,Subang,2015,34178,1852,18.45464363,smk,53.35
32,JAWA BARAT,3214,Purwakarta,2015,19320,1719,11.2390925,smk,56.26
32,JAWA BARAT,3215,Karawang,2015,45080,2507,17.98165138,smk,55.18
32,JAWA BARAT,3216,Bekasi,2015,64778,2668,24.27961019,smk,62.02
32,JAWA BARAT,3217,Bandung Barat,2015,26631,1334,19.96326837,smk,56.74
32,JAWA BARAT,3218,Pangandaran,2015,18120,806,22.48138958,smk,56.83
32,JAWA BARAT,3271,Kota Bogor,2015,19543,980,19.94183673,smk,68.35
32,JAWA BARAT,3272,Kota Sukabumi,2015,11465,742,15.45148248,smk,67.05
32,JAWA BARAT,3273,Kota Bandung,2015,56133,1833,30.62356792,smk,72.95
32,JAWA BARAT,3274,Kota Cirebon,2015,11219,591,18.98307953,smk,68.47
32,JAWA BARAT,3275,Kota Bekasi,2015,36956,2154,17.15691736,smk,72.8
32,JAWA BARAT,3276,Kota Depok,2015,24978,1239,20.1598063,smk,73.31
32,JAWA BARAT,3277,Kota Cimahi,2015,7141,746,9.572386059,smk,74.09
32,JAWA BARAT,3278,Kota Tasikmalaya,2015,18030,1166,15.46312178,smk,65.68
32,JAWA BARAT,3279,Kota Banjar,2015,7760,473,16.40591966,smk,62.86
32,JAWA BARAT,3201,Bogor,2016,121766,4293,28.36384812,smk,59.57
32,JAWA BARAT,3202,Sukabumi,2016,40263,1802,22.34350721,smk,56.3
32,JAWA BARAT,3203,Cianjur,2016,55129,2710,20.34280443,smk,55.03
32,JAWA BARAT,3204,Bandung,2016,55435,2393,23.16548266,smk,62.83
32,JAWA BARAT,3205,Garut,2016,25248,1547,16.32062056,smk,55.41
32,JAWA BARAT,3206,Tasikmalaya,2016,50451,2802,18.00535332,smk,57.74
32,JAWA BARAT,3207,Ciamis,2016,38192,2196,17.39162113,smk,63.08
32,JAWA BARAT,3208,Kuningan,2016,20963,1251,16.7569944,smk,57.91
32,JAWA BARAT,3209,Cirebon,2016,26390,1465,18.01365188,smk,54.78
32,JAWA BARAT,3210,Majalengka,2016,26212,1436,18.25348189,smk,55.99
32,JAWA BARAT,3211,Sumedang,2016,49702,2360,21.06016949,smk,61.59
32,JAWA BARAT,3212,Indramayu,2016,46753,2466,18.95904298,smk,52.42
32,JAWA BARAT,3213,Subang,2016,38372,1908,20.11111111,smk,54.32
32,JAWA BARAT,3214,Purwakarta,2016,21125,1030,20.50970874,smk,57.57
32,JAWA BARAT,3215,Karawang,2016,59267,2228,26.60098743,smk,56.05
32,JAWA BARAT,3216,Bekasi,2016,59461,2541,23.40062967,smk,63.34
32,JAWA BARAT,3217,Bandung Barat,2016,29668,1355,21.89520295,smk,57.54
32,JAWA BARAT,3218,Pangandaran,2016,8242,574,14.35888502,smk,56.96
32,JAWA BARAT,3271,Kota Bogor,2016,62352,3606,17.29118136,smk,70.41
32,JAWA BARAT,3272,Kota Sukabumi,2016,38317,1668,22.97182254,smk,68.1
32,JAWA BARAT,3273,Kota Bandung,2016,11948,717,16.66387727,smk,73.85
32,JAWA BARAT,3274,Kota Cirebon,2016,11936,732,16.30601093,smk,69.21
32,JAWA BARAT,3275,Kota Bekasi,2016,67205,2557,26.28275323,smk,73.35
32,JAWA BARAT,3276,Kota Depok,2016,38733,1632,23.73345588,smk,74.37
32,JAWA BARAT,3277,Kota Cimahi,2016,19161,821,23.33861145,smk,74.49
32,JAWA BARAT,3278,Kota Tasikmalaya,2016,19403,1182,16.41539763,smk,65.99
32,JAWA BARAT,3279,Kota Banjar,2016,8309,465,17.8688172,smk,63.91
32,JAWA BARAT,3201,Bogor,2017,123024,4172,29.48801534,smk,60.66
32,JAWA BARAT,3202,Sukabumi,2017,42147,1826,23.08159912,smk,56.49
32,JAWA BARAT,3203,Cianjur,2017,53654,2630,20.40076046,smk,56.09
32,JAWA BARAT,3204,Bandung,2017,56024,2313,24.22135754,smk,62.89
32,JAWA BARAT,3205,Garut,2017,49603,2662,18.63373403,smk,56.85
32,JAWA BARAT,3206,Tasikmalaya,2017,37171,2159,17.21676702,smk,58.37
32,JAWA BARAT,3207,Ciamis,2017,20673,1212,17.05693069,smk,63.24
32,JAWA BARAT,3208,Kuningan,2017,26558,1417,18.74241355,smk,58
32,JAWA BARAT,3209,Cirebon,2017,50589,2319,21.81500647,smk,55.95
32,JAWA BARAT,3210,Majalengka,2017,25770,1410,18.27659574,smk,56.83
32,JAWA BARAT,3211,Sumedang,2017,25167,1496,16.82286096,smk,62.52
32,JAWA BARAT,3212,Indramayu,2017,46907,2482,18.89887188,smk,53.82
32,JAWA BARAT,3213,Subang,2017,36177,1823,19.84476138,smk,55.18
32,JAWA BARAT,3214,Purwakarta,2017,20746,989,20.97674419,smk,58.83
32,JAWA BARAT,3215,Karawang,2017,59434,2191,27.12642629,smk,57.69
32,JAWA BARAT,3216,Bekasi,2017,60805,2454,24.77791361,smk,64.48
32,JAWA BARAT,3217,Bandung Barat,2017,29693,1300,22.84076923,smk,58.55
32,JAWA BARAT,3218,Pangandaran,2017,8215,568,14.46302817,smk,57.98
32,JAWA BARAT,3271,Kota Bogor,2017,39335,1609,24.4468614,smk,71.44
32,JAWA BARAT,3272,Kota Sukabumi,2017,11825,674,17.54451039,smk,68.93
32,JAWA BARAT,3273,Kota Bandung,2017,62463,3545,17.62002821,smk,73.91
32,JAWA BARAT,3274,Kota Cirebon,2017,11923,712,16.74578652,smk,69.27
32,JAWA BARAT,3275,Kota Bekasi,2017,67186,2531,26.54523904,smk,73.96
32,JAWA BARAT,3276,Kota Depok,2017,39150,1605,24.39252336,smk,74.66
32,JAWA BARAT,3277,Kota Cimahi,2017,19228,795,24.18616352,smk,74.66
32,JAWA BARAT,3278,Kota Tasikmalaya,2017,19207,1152,16.67274306,smk,67.35
32,JAWA BARAT,3279,Kota Banjar,2017,8348,467,17.875803,smk,65.27
32,JAWA BARAT,3201,Bogor,2018,125748,4646,27.06586311,smk,60.82
32,JAWA BARAT,3202,Sukabumi,2018,44877,1893,23.70681458,smk,56.56
32,JAWA BARAT,3203,Cianjur,2018,60104,2715,22.13775322,smk,56.16
32,JAWA BARAT,3204,Bandung,2018,58199,2532,22.98538705,smk,63.71
32,JAWA BARAT,3205,Garut,2018,53698,1643,32.68289714,smk,57.78
32,JAWA BARAT,3206,Tasikmalaya,2018,41362,2962,13.96421337,smk,58.43
32,JAWA BARAT,3207,Ciamis,2018,21996,2424,9.074257426,smk,63.31
32,JAWA BARAT,3208,Kuningan,2018,26789,1333,20.09677419,smk,58.06
32,JAWA BARAT,3209,Cirebon,2018,50439,1494,33.76104418,smk,56.01
32,JAWA BARAT,3210,Majalengka,2018,27055,1419,19.06624383,smk,56.89
32,JAWA BARAT,3211,Sumedang,2018,26516,2451,10.81844145,smk,63.18
32,JAWA BARAT,3212,Indramayu,2018,45953,2442,18.81777232,smk,53.88
32,JAWA BARAT,3213,Subang,2018,38183,1877,20.34256793,smk,55.24
32,JAWA BARAT,3214,Purwakarta,2018,21537,1070,20.12803738,smk,59.42
32,JAWA BARAT,3215,Karawang,2018,58324,2288,25.49125874,smk,58.03
32,JAWA BARAT,3216,Bekasi,2018,62179,2567,24.22243864,smk,65.72
32,JAWA BARAT,3217,Bandung Barat,2018,31308,1377,22.73638344,smk,59.43
32,JAWA BARAT,3218,Pangandaran,2018,8517,584,14.58390411,smk,58.71
32,JAWA BARAT,3271,Kota Bogor,2018,38308,3717,10.30616088,smk,71.5
32,JAWA BARAT,3272,Kota Sukabumi,2018,12097,1692,7.149527187,smk,68.99
32,JAWA BARAT,3273,Kota Bandung,2018,64971,721,90.11234397,smk,74.82
32,JAWA BARAT,3274,Kota Cirebon,2018,11685,738,15.83333333,smk,69.33
32,JAWA BARAT,3275,Kota Bekasi,2018,65952,2637,25.01023891,smk,75.19
32,JAWA BARAT,3276,Kota Depok,2018,39200,1698,23.08598351,smk,74.78
32,JAWA BARAT,3277,Kota Cimahi,2018,19421,834,23.28657074,smk,74.72
32,JAWA BARAT,3278,Kota Tasikmalaya,2018,19804,1231,16.08773355,smk,67.41
32,JAWA BARAT,3279,Kota Banjar,2018,8390,493,17.01825558,smk,65.33
32,JAWA BARAT,3201,Bogor,2019,133945,2712,49.38974926,smk,62.27
32,JAWA BARAT,3202,Sukabumi,2019,48326,1474,32.78561737,smk,57.34
32,JAWA BARAT,3203,Cianjur,2019,64849,2644,24.52685325,smk,56.51
32,JAWA BARAT,3204,Bandung,2019,60382,5033,11.99721836,smk,64.52
32,JAWA BARAT,3205,Garut,2019,58826,1339,43.93278566,smk,57.87
32,JAWA BARAT,3206,Tasikmalaya,2019,44289,2925,15.14153846,smk,58.68
32,JAWA BARAT,3207,Ciamis,2019,22807,2491,9.155760739,smk,63.94
32,JAWA BARAT,3208,Kuningan,2019,27698,3030,9.141254125,smk,58.21
32,JAWA BARAT,3209,Cirebon,2019,53420,2560,20.8671875,smk,56.37
32,JAWA BARAT,3210,Majalengka,2019,27823,2476,11.23707593,smk,57.55
32,JAWA BARAT,3211,Sumedang,2019,27951,1508,18.53514589,smk,63.57
32,JAWA BARAT,3212,Indramayu,2019,48282,1437,33.59916493,smk,53.97
32,JAWA BARAT,3213,Subang,2019,38930,593,65.64924115,smk,55.31
32,JAWA BARAT,3214,Purwakarta,2019,21787,1084,20.09870849,smk,60.01
32,JAWA BARAT,3215,Karawang,2019,61468,1968,31.23373984,smk,59.06
32,JAWA BARAT,3216,Bekasi,2019,68214,2102,32.45195052,smk,65.8
32,JAWA BARAT,3217,Bandung Barat,2019,33124,1629,20.33394721,smk,60.21
32,JAWA BARAT,3218,Pangandaran,2019,9530,2531,3.765310154,smk,59.07
32,JAWA BARAT,3271,Kota Bogor,2019,38680,3551,10.89270628,smk,71.62
32,JAWA BARAT,3272,Kota Sukabumi,2019,12824,500,25.648,smk,69.32
32,JAWA BARAT,3273,Kota Bandung,2019,64678,2652,24.38838612,smk,75.22
32,JAWA BARAT,3274,Kota Cirebon,2019,11986,1633,7.339865279,smk,69.42
32,JAWA BARAT,3275,Kota Bekasi,2019,67073,822,81.5973236,smk,75.86
32,JAWA BARAT,3276,Kota Depok,2019,40210,711,56.55414909,smk,75.31
32,JAWA BARAT,3277,Kota Cimahi,2019,19692,1698,11.59717314,smk,74.81
32,JAWA BARAT,3278,Kota Tasikmalaya,2019,20324,714,28.46498599,smk,67.77
32,JAWA BARAT,3279,Kota Banjar,2019,8549,1257,6.801113763,smk,65.46
